State,Agency type,Agency name,"Race/
Ethnicity/
Ancestry",Religion,"Sexual
orientation",Disability,Gender,"Gender
identity","1st
quarter","2nd
quarter","3rd
quarter","4th
quarter",
Alaska,Total,,4,2,0,1,0,0,,,,,
,Cities,,4,2,0,1,0,0,,,,,
,,Anchorage,1,0,0,0,0,0,0,0,1,0,"291,992"
,,Fairbanks,2,0,0,1,0,0,1,1,1,0,"31,635"
,,Juneau,0,2,0,0,0,0,0,0,2,0,"31,922"
,,Kotzebue,1,0,0,0,0,0,0,1,0,0,"3,273"
Arizona,Total,,95,34,37,2,2,3,,,,,
,Cities,,93,33,37,2,2,3,,,,,
,,Avondale,1,0,0,0,0,0,,1,0,0,"85,204"
,,Coolidge,2,0,0,0,0,0,0,0,0,2,"12,815"
,,Flagstaff,1,0,1,0,0,0,0,2,0,0,"72,852"
,,Gilbert,1,0,0,0,0,0,0,0,1,0,"247,463"
,,Glendale,7,0,1,0,0,0,3,1,1,3,"249,799"
,,Maricopa,1,0,0,0,0,0,0,1,0,0,"48,660"
,,Mesa,2,0,1,0,0,0,2,1,0,0,"504,873"
,,Page,2,0,1,0,0,0,1,1,1,0,"7,576"
,,Peoria,1,0,0,0,0,0,0,1,0,0,"170,177"
,,Phoenix3,59,24,25,1,1,2,35,26,18,27,"1,653,080"
,,Prescott,1,0,0,0,0,0,1,0,0,0,"43,172"
,,Scottsdale,2,2,1,0,0,0,1,1,1,2,"254,961"
,,St. Johns,0,1,0,0,0,0,0,0,1,0,"3,510"
,,Surprise,1,2,0,0,0,0,0,1,2,0,"136,611"
,,Tempe,0,1,0,0,0,0,1,0,0,0,"188,543"
,,Tucson3,7,2,6,1,1,1,5,4,8,0,"537,392"
,,Yuma,5,1,1,0,0,0,1,2,2,2,"96,121"
,Universities and Colleges,,1,1,0,0,0,0,,,,,
,,University of Arizona,1,1,0,0,0,0,1,1,0,0,"47,648"
,Nonmetropolitan Counties,,1,0,0,0,0,0,,,,,
,,La Paz,1,0,0,0,0,0,0,0,0,1,
Arkansas,Total,,10,1,1,1,0,0,,,,,
,Cities,,8,1,1,1,0,0,,,,,
,,Benton,1,0,0,0,0,0,0,1,0,0,"36,556"
,,Fort Smith,2,0,1,0,0,0,2,1,0,0,"88,290"
,,Hot Springs,1,0,0,0,0,0,1,0,0,0,"37,006"
,,Newport,1,0,0,0,0,0,0,0,0,1,"7,654"
,,Rogers,2,0,0,0,0,0,0,1,1,0,"68,026"
,,Sherwood,1,1,0,0,0,0,0,1,0,1,"31,284"
,,Springdale,0,0,0,1,0,0,1,0,0,0,"73,496"
,Metropolitan Counties,,1,0,0,0,0,0,,,,,
,,Pulaski,1,0,0,0,0,0,0,0,1,0,
,Nonmetropolitan Counties,,1,0,0,0,0,0,,,,,
,,Sevier,1,0,0,0,0,0,0,1,0,0,
California,Total,,596,199,239,7,4,20,,,,,
,Cities,,538,183,209,5,3,16,,,,,
,,Alameda,3,3,1,0,0,0,3,2,2,0,"79,951"
,,Albany,2,1,1,0,0,0,2,0,0,2,"20,379"
,,American Canyon,0,1,0,0,0,0,0,1,0,0,"20,339"
,,Anaheim,0,0,2,0,0,0,1,0,1,0,"354,743"
,,Antioch,1,1,0,0,0,0,0,1,0,1,"112,956"
,,Apple Valley,1,0,0,0,0,0,1,0,0,0,"73,631"
,,Arvin,1,0,0,0,0,0,0,0,1,0,"21,560"
,,Azusa,3,0,0,0,0,0,0,1,1,1,"50,393"
,,Bakersfield,3,6,1,0,0,0,6,2,2,0,"385,609"
,,Baldwin Park,1,0,0,0,0,0,1,0,0,0,"76,541"
,,Beaumont,1,0,0,0,0,0,0,1,0,0,"48,559"
,,Bell,1,0,1,0,0,0,1,0,,1,"35,857"
,,Bellflower,1,0,0,0,0,0,0,1,0,0,"77,937"
,,Bell Gardens,1,0,0,0,0,0,1,0,0,0,"42,845"
,,Berkeley,8,5,4,0,0,0,5,3,5,4,"123,735"
,,Beverly Hills,2,3,0,0,0,0,0,1,2,2,"34,557"
,,Brea,0,1,0,0,0,0,0,0,1,0,"43,279"
,,Brentwood,3,0,0,0,0,0,0,3,0,0,"64,118"
,,Buena Park,1,0,1,0,0,0,0,0,0,2,"83,336"
,,Burbank,4,4,2,0,0,0,5,0,1,4,"105,041"
,,Calabasas,0,2,0,0,0,0,0,1,1,0,"24,309"
,,Calimesa,1,0,0,0,0,0,0,0,1,0,"8,953"
,,Camarillo,2,0,0,0,0,0,1,1,0,0,"68,218"
,,Capitola,0,0,1,0,0,0,1,0,0,0,"10,218"
,,Carlsbad,4,2,0,0,0,0,3,1,2,0,"116,739"
,,Carson,1,0,0,0,0,0,1,0,0,0,"92,895"
,,Central Marin,1,0,0,0,0,0,1,0,0,0,"35,033"
,,Chino Hills,1,0,0,0,0,0,1,0,0,0,"81,177"
,,Chula Vista,1,1,0,0,0,0,0,0,1,1,"274,370"
,,Citrus Heights,3,0,0,0,0,0,1,0,2,0,"88,603"
,,Claremont,1,0,0,0,0,0,0,0,0,1,"36,178"
,,Clayton,1,0,0,0,0,0,0,0,1,0,"12,330"
,,Clearlake,2,0,0,0,0,0,1,0,1,0,"15,037"
,,Clovis,0,0,0,0,0,1,1,0,0,0,"111,759"
,,Commerce,0,0,1,0,0,0,0,1,0,0,"12,961"
,,Compton,3,0,0,0,0,0,0,1,2,0,"97,775"
,,Corning,0,0,1,0,0,0,1,0,0,0,"7,580"
,,Corona,1,1,0,0,0,0,1,0,1,0,"170,041"
,,Cupertino,0,1,1,0,0,0,1,0,0,1,"61,078"
,,Cypress,2,0,0,0,0,0,0,2,0,0,"49,223"
,,Daly City,1,0,0,0,0,0,0,0,1,0,"107,928"
,,Davis,8,4,1,1,0,0,1,7,4,2,"69,486"
,,Downey,0,0,1,0,0,0,0,1,0,0,"113,277"
,,Eastvale,0,1,0,0,0,0,1,0,0,0,"64,642"
,,El Cajon,3,0,1,0,0,0,1,0,2,1,"104,497"
,,El Cerrito,1,1,0,0,0,0,0,2,0,0,"25,793"
,,Elk Grove,2,0,2,0,0,0,0,1,3,0,"174,651"
,,El Monte,5,0,0,0,0,0,2,2,1,0,"116,464"
,,El Segundo,1,0,0,0,0,0,0,0,1,0,"16,881"
,,Encinitas,0,3,0,0,0,0,2,0,0,1,"63,700"
,,Escalon,1,0,0,0,0,0,0,0,0,1,"7,653"
,,Escondido,2,0,0,0,0,0,1,1,0,0,"153,073"
,,Eureka,0,0,1,0,0,0,0,1,0,0,"27,174"
,,Fairfield,1,0,1,0,0,0,0,1,0,1,"117,883"
,,Fillmore,0,0,1,0,0,0,0,0,1,0,"15,928"
,,Folsom,1,0,0,0,0,0,1,0,0,0,"78,916"
,,Fontana,1,0,0,0,0,0,0,0,1,0,"213,964"
,,Fort Bragg,0,1,0,0,0,0,1,0,0,0,"7,317"
,,Foster City,0,2,0,0,0,0,0,0,0,2,"34,993"
,,Fountain Valley,0,0,1,0,0,0,1,0,0,0,"56,433"
,,Fremont,6,0,0,0,0,0,4,1,1,0,"238,024"
,,Fresno,19,3,5,0,0,0,5,0,8,14,"531,818"
,,Galt,1,0,0,0,0,0,0,1,0,0,"26,548"
,,Gardena,0,1,1,0,0,0,2,0,0,0,"60,423"
,,Garden Grove,1,0,0,0,0,0,0,0,1,0,"174,661"
,,Glendale,4,0,0,0,0,0,3,0,0,1,"204,724"
,,Glendora,1,0,0,0,0,0,1,0,0,0,"52,727"
,,Gridley,1,0,0,0,0,0,1,0,0,0,"6,612"
,,Hawaiian Gardens,2,0,0,0,0,0,0,0,1,1,"14,474"
,,Hawthorne,3,2,1,0,0,0,0,0,2,4,"88,372"
,,Hayward,3,1,0,0,0,0,1,1,1,1,"162,881"
,,Hemet,1,0,0,0,0,0,1,0,0,0,"86,047"
,,Hesperia,1,0,0,0,0,0,0,1,0,0,"95,519"
,,Huntington Beach,2,2,0,0,0,0,0,1,2,1,"203,428"
,,Huntington Park,3,0,1,0,0,0,1,0,2,1,"58,922"
,,Imperial Beach,1,0,0,0,0,0,0,0,0,1,"27,569"
,,Inglewood,1,0,0,0,0,0,0,1,0,0,"110,726"
,,Irvine,1,1,0,0,0,0,0,0,1,1,"288,052"
,,Jurupa Valley,1,0,0,0,0,0,0,0,1,0,"107,605"
,,Laguna Woods,0,0,1,0,0,0,0,0,1,0,"16,219"
,,Lakeport,0,0,1,0,0,0,0,1,0,0,"4,763"
,,La Mesa,1,0,0,0,0,0,1,0,0,0,"60,442"
,,Lancaster,9,0,2,0,0,0,1,3,4,3,"160,818"
,,Lawndale,1,0,0,0,0,0,0,0,0,1,"33,121"
,,Livermore,3,2,1,0,0,0,1,3,1,1,"91,612"
,,Lodi,1,1,0,0,0,0,0,0,1,1,"66,416"
,,Long Beach,6,0,3,0,0,0,2,2,3,2,"470,445"
,,Los Angeles3,136,63,74,0,0,10,45,78,89,70,"4,029,741"
,,Los Banos,0,0,1,0,0,0,1,0,0,0,"39,651"
,,Lynwood,1,0,0,0,0,0,1,0,0,0,"71,315"
,,Malibu,1,0,0,0,0,0,0,0,0,1,"12,911"
,,Marysville,1,0,0,0,0,0,0,1,0,0,"12,459"
,,Menifee,2,0,0,0,0,0,2,0,0,0,"92,540"
,,Modesto,2,1,2,0,2,0,1,1,4,1,"215,822"
,,Monterey,2,0,0,0,0,0,0,1,1,0,"28,744"
,,Moreno Valley,1,0,0,0,0,0,1,0,0,0,"209,145"
,,Morro Bay,0,0,1,0,0,0,,1,0,0,"10,692"
,,Mountain View,1,0,0,0,0,0,0,0,1,0,"82,518"
,,Newark,1,0,0,0,0,0,0,0,1,0,"48,276"
,,Newport Beach,1,0,2,0,0,1,3,1,0,0,"86,276"
,,Norwalk,3,0,0,0,0,0,0,0,2,1,"106,158"
,,Oakland,3,5,5,1,0,1,3,3,5,4,"430,230"
,,Oceanside,2,0,0,0,0,0,1,0,0,1,"177,464"
,,Orange,2,0,0,0,0,0,1,1,0,0,"141,108"
,,Oroville,1,0,0,0,0,0,0,0,1,0,"19,186"
,,Oxnard,0,1,1,0,0,0,0,1,1,0,"211,737"
,,Pacifica,0,1,2,0,0,0,0,0,2,1,"39,339"
,,Palmdale,1,0,0,0,0,0,0,1,0,0,"158,177"
,,Palm Springs,1,0,3,0,0,0,0,1,1,2,"48,644"
,,Palo Alto,2,2,1,0,0,0,2,3,0,0,"67,560"
,,Paramount,1,0,1,0,0,0,0,1,1,0,"55,023"
,,Parlier,1,0,0,0,0,0,0,1,0,0,"15,356"
,,Pasadena,1,2,0,0,0,0,1,0,1,1,"143,448"
,,Perris,1,0,0,0,0,0,1,0,0,0,"79,238"
,,Petaluma,1,0,0,0,0,0,0,0,1,0,"61,289"
,,Pinole,1,0,0,0,0,0,0,1,0,0,"19,509"
,,Pittsburg,1,0,0,0,0,0,0,0,1,0,"73,462"
,,Placentia,3,1,1,0,0,0,0,2,1,2,"52,324"
,,Pleasanton,1,0,0,0,0,0,0,1,0,0,"84,992"
,,Poway,0,1,0,0,0,0,0,0,0,1,"50,346"
,,Rancho Cucamonga,2,0,0,0,0,0,0,0,0,2,"179,114"
,,Rancho Santa Margarita,1,0,0,0,0,0,0,1,0,0,"48,918"
,,Red Bluff,2,0,0,0,0,0,0,1,0,1,"14,315"
,,Redding,9,0,0,0,0,0,1,3,3,2,"92,068"
,,Redlands,1,0,0,0,0,0,0,0,1,0,"71,954"
,,Redwood City,1,1,0,0,0,0,2,0,0,0,"88,161"
,,Rialto,1,0,0,0,0,0,0,1,0,0,"104,173"
,,Richmond,11,1,0,0,0,0,3,3,6,0,"110,982"
,,Rio Vista,0,1,0,0,0,0,0,1,,0,"9,268"
,,Ripon,1,0,0,0,0,0,0,0,1,0,"15,878"
,,Riverside,9,1,0,0,0,0,0,2,5,3,"331,022"
,,Roseville,5,0,0,0,0,0,2,1,2,0,"137,706"
,,Sacramento,4,1,6,0,0,0,1,5,1,4,"507,037"
,,Salinas,0,0,1,0,0,0,,0,0,1,"158,590"
,,San Bernardino,4,0,0,0,0,0,1,3,0,0,"217,986"
,,San Bruno,0,0,1,0,0,0,1,0,0,0,"43,621"
,,San Clemente,1,0,1,0,0,0,0,0,2,0,"65,509"
,,San Diego,20,8,12,0,0,0,10,11,8,11,"1,436,495"
,,San Dimas,0,1,0,0,0,0,1,0,0,0,"34,463"
,,San Francisco,41,8,17,0,0,2,20,22,11,15,"889,282"
,,San Gabriel,2,0,0,0,0,0,1,1,0,0,"40,637"
,,San Jacinto,2,0,0,0,0,0,0,1,0,1,"48,830"
,,San Jose,22,6,9,0,0,0,7,10,10,10,"1,047,305"
,,San Leandro,1,1,0,0,0,0,1,1,0,0,"91,359"
,,San Luis Obispo,4,0,0,1,1,0,1,1,1,3,"47,885"
,,San Marcos,1,0,0,0,0,0,0,1,0,0,"98,088"
,,San Mateo,0,0,1,0,0,0,0,1,0,0,"105,839"
,,San Pablo,0,1,0,0,0,0,0,1,0,0,"31,403"
,,San Rafael,3,1,0,0,0,0,2,1,1,0,"59,254"
,,San Ramon,0,1,0,0,0,0,1,0,0,0,"76,569"
,,Santa Ana,6,6,1,0,0,0,1,2,8,2,"335,403"
,,Santa Barbara,2,0,0,0,0,0,2,0,0,0,"92,630"
,,Santa Clarita,0,0,1,0,0,0,0,0,0,1,"216,589"
,,Santa Cruz3,5,2,3,0,0,0,2,4,1,2,"65,680"
,,Santa Maria,1,0,0,0,0,0,0,1,0,0,"108,100"
,,Santa Monica,1,0,0,0,0,0,0,0,1,0,"92,674"
,,Santa Rosa,2,1,3,0,0,0,0,1,3,2,"176,325"
,,Santee,1,0,0,0,0,0,0,0,0,1,"58,781"
,,Scotts Valley,0,0,1,0,0,0,0,1,0,0,"11,998"
,,Seaside,1,0,0,0,0,0,0,0,0,1,"34,303"
,,Simi Valley,4,2,1,0,0,0,1,2,2,2,"127,222"
,,South Gate,1,0,0,0,0,0,0,1,0,0,"95,570"
,,South Lake Tahoe,0,2,3,0,0,0,,3,2,0,"22,060"
,,South Pasadena,1,0,0,0,0,0,1,0,0,0,"25,924"
,,Stockton,2,1,1,0,0,0,0,2,1,1,"313,158"
,,Sunnyvale,2,2,0,0,0,0,0,1,0,3,"155,637"
,,Thousand Oaks,1,0,0,0,0,0,1,0,0,0,"129,319"
,,Torrance,0,0,2,0,0,0,1,1,0,0,"146,968"
,,Tracy,0,0,2,0,0,0,1,0,0,1,"91,988"
,,Turlock,1,0,1,0,0,0,0,1,1,0,"74,267"
,,Union City,1,0,0,0,0,0,0,0,0,1,"76,198"
,,Upland,2,0,0,0,0,0,0,1,1,0,"77,453"
,,Vallejo,1,0,0,0,0,0,0,1,0,0,"122,974"
,,Ventura,4,0,0,0,0,0,2,0,0,2,"111,272"
,,Victorville,3,0,0,2,0,0,0,2,1,2,"123,343"
,,Vista,0,0,1,0,0,0,0,0,1,0,"102,742"
,,Walnut Creek,1,0,0,0,0,0,0,1,0,0,"70,587"
,,West Covina,3,0,0,0,0,0,1,1,0,1,"107,806"
,,West Hollywood,6,1,4,0,0,1,3,5,4,0,"37,478"
,,Williams,0,0,1,0,0,0,1,0,0,0,"5,380"
,,Yucaipa,1,0,0,0,0,0,0,1,0,0,"54,001"
,,Yucca Valley,1,0,0,0,0,0,0,1,0,0,"21,895"
,Universities and Colleges,,7,5,6,0,1,1,,,,,
,,California State University:,,,,,,,,,,,
,,Fresno,1,0,0,0,0,0,1,0,0,0,"26,380"
,,Northridge,1,2,1,0,0,0,0,1,1,2,"41,909"
,,Foothill-De Anza College,0,0,0,0,0,1,1,0,0,0,"63,210"
,,Humboldt State University,1,1,0,0,1,0,0,0,0,3,"9,171"
,,San Francisco State University,0,1,1,0,0,0,0,0,1,1,"33,036"
,,State Center Community College District,0,0,1,0,0,0,0,1,,0,"60,065"
,,University of California:,,,,,,,,,,,
,,Davis,0,0,1,0,0,0,0,1,0,0,"38,778"
,,Los Angeles,1,1,1,0,0,0,1,1,0,1,"46,298"
,,San Diego,3,0,0,0,0,0,0,0,2,1,"36,785"
,,Santa Barbara,0,0,1,0,0,0,0,0,0,1,"25,833"
,Metropolitan Counties,,40,11,21,2,0,2,,,,,
,,El Dorado,1,0,0,0,0,0,0,0,1,0,
,,Fresno,1,0,0,0,0,0,0,0,1,0,
,,Imperial,1,0,0,0,0,0,0,1,0,0,
,,Kern,3,1,0,0,0,0,1,2,1,0,
,,Los Angeles,9,1,7,0,0,2,5,7,5,2,
,,Monterey,0,0,1,0,0,0,1,0,0,0,
,,Napa,1,0,0,0,0,0,0,1,0,0,
,,Orange,1,0,0,0,0,0,1,0,0,0,
,,Riverside,2,0,1,0,0,0,0,1,2,0,
,,Sacramento,3,1,0,0,0,0,2,2,0,0,
,,San Bernardino,1,0,0,0,0,0,0,1,0,0,
,,San Diego,2,1,3,0,0,0,0,4,0,2,
,,San Mateo,1,0,1,1,0,0,2,0,1,0,
,,Santa Clara,2,2,2,1,0,0,2,0,4,1,
,,Santa Cruz,6,5,2,0,0,0,3,3,4,3,
,,Solano,3,0,2,0,0,0,2,2,,1,
,,Ventura,0,0,1,0,0,0,1,0,0,0,
,,Yuba,3,0,1,0,0,0,2,1,1,0,
,Nonmetropolitan Counties,,4,0,0,0,0,0,,,,,
,,Calaveras,1,0,0,0,0,0,0,1,0,0,
,,Lassen,1,0,0,0,0,0,0,0,1,0,
,,Mendocino,2,0,0,0,0,0,2,0,0,0,
,Other Agencies,,7,0,3,0,0,1,,,,,
,,California State Fair,0,0,0,0,0,1,0,0,1,0,
,,Los Angeles Transportation Services Bureau,2,0,1,0,0,0,0,1,1,1,
,,Port of San Diego Harbor,2,0,1,0,0,0,0,2,1,,
,,San Francisco Bay Area Rapid Transit:  ,,,,,,,,,,,
,,Alameda County,1,0,0,0,0,0,0,1,0,0,
,,Contra Costa County,0,0,1,0,0,0,0,0,1,0,
,,Santa Clara Transit District,1,0,0,0,0,0,1,0,0,0,
,,Twin Rivers Unified School District,1,0,0,0,0,0,0,1,0,0,
Colorado,Total,,78,16,24,2,0,3,,,,,
,Cities,,55,10,15,1,0,3,,,,,
,,Aurora,8,2,0,0,0,0,2,4,2,2,"324,276"
,,Boulder,2,0,0,0,0,0,1,0,0,1,"108,380"
,,Brighton3,2,0,2,0,0,0,0,0,1,2,"40,696"
,,Canon City,2,0,0,0,0,0,0,2,0,0,"16,557"
,,Centennial,2,1,2,0,0,0,2,1,1,1,"111,646"
,,Colorado Springs,7,3,0,0,0,0,1,4,2,3,"471,124"
,,Commerce City,1,0,0,0,0,0,0,1,0,0,"57,474"
,,Denver3,15,3,8,1,0,3,4,12,8,5,"720,745"
,,Fort Collins,4,0,1,0,0,0,2,2,0,1,"168,163"
,,Golden,0,0,1,0,0,0,0,0,0,1,"20,768"
,,Grand Junction,2,0,0,0,0,0,1,1,0,0,"62,974"
,,Lafayette,1,0,1,0,0,0,1,1,0,0,"28,914"
,,Lone Tree,1,0,0,0,0,0,0,0,1,0,"13,933"
,,Longmont,2,0,0,0,0,0,0,1,0,1,"95,217"
,,Louisville,1,0,0,0,0,0,0,0,0,1,"21,545"
,,Rifle,2,0,0,0,0,0,0,1,1,0,"9,711"
,,Silverthorne,0,1,0,0,0,0,0,0,1,0,"4,775"
,,Sterling,1,0,0,0,0,0,0,0,0,1,"13,928"
,,Trinidad,1,0,0,0,0,0,1,0,0,0,"7,947"
,,Woodland Park,1,0,0,0,0,0,0,1,0,0,"7,709"
,Universities and Colleges,,2,2,4,0,0,0,,,,,
,,Auraria Higher Education Center4,1,0,0,0,0,0,0,0,1,0,
,,"Colorado State University, Fort Collins",1,2,0,0,0,0,0,3,0,0,"36,966"
,,University of Colorado:,,,,,,,,,,,
,,Boulder,0,0,2,0,0,0,0,0,2,0,"37,921"
,,Colorado Springs,0,0,2,0,0,0,0,0,2,0,"16,743"
,Metropolitan Counties,,16,2,3,1,0,0,,,,,
,,Adams,1,0,0,0,0,0,1,0,0,0,
,,Arapahoe,5,1,1,0,0,0,1,1,0,5,
,,Boulder,1,0,0,0,0,0,0,0,1,0,
,,El Paso,2,1,0,0,0,0,1,2,0,0,
,,Jefferson,3,0,0,1,0,0,1,2,1,0,
,,Larimer,4,0,1,0,0,0,2,1,1,1,
,,Mesa,0,0,1,0,0,0,0,0,1,0,
,Nonmetropolitan Counties,,5,2,2,0,0,0,,,,,
,,Archuleta,0,0,1,0,0,0,0,0,0,1,
,,Custer,0,0,1,0,0,0,0,1,0,0,
,,Logan,0,1,0,0,0,0,0,0,1,0,
,,Montezuma,1,0,0,0,0,0,0,0,1,0,
,,Summit,3,1,0,0,0,0,2,1,0,1,
,,Washington,1,0,0,0,0,0,0,0,1,0,
Connecticut,Total,,54,13,12,1,1,0,,,,,
,Cities,,51,10,9,1,1,0,,,,,
,,Berlin,1,0,0,0,0,0,0,1,0,0,"20,593"
,,Bethel,0,0,0,1,0,0,0,0,0,1,"19,974"
,,Bridgeport,4,0,0,0,0,0,,1,1,2,"146,819"
,,Bristol,1,0,0,0,0,0,0,0,0,1,"60,184"
,,Danbury,2,0,1,0,0,0,2,0,1,0,"85,818"
,,East Hartford,1,0,0,0,0,0,0,1,0,0,"50,184"
,,Fairfield,1,1,0,0,0,0,0,0,1,1,"62,452"
,,Glastonbury,2,1,1,0,0,0,0,2,1,1,"34,593"
,,Groton,0,1,0,0,0,0,0,0,1,0,"9,051"
,,Guilford,1,0,0,0,0,0,0,0,0,1,"22,268"
,,Middletown,4,0,0,0,0,0,0,1,1,2,"46,314"
,,New Haven,5,2,0,0,0,0,1,2,3,1,"131,181"
,,New Milford,1,0,0,0,0,0,0,0,1,0,"26,956"
,,Norwalk,1,1,0,0,0,0,0,0,0,2,"89,442"
,,Norwich,6,0,0,0,1,0,2,0,4,1,"39,318"
,,Old Saybrook,5,0,0,0,0,0,2,2,0,1,"10,117"
,,Orange,1,0,0,0,0,0,0,0,0,1,"14,002"
,,Putnam,1,0,0,0,0,0,0,1,0,0,"9,325"
,,Ridgefield,1,0,0,0,0,0,0,1,0,0,"25,260"
,,Rocky Hill,1,1,0,0,0,0,0,1,0,1,"20,163"
,,Southington,1,0,1,0,0,0,0,0,2,0,"43,960"
,,South Windsor,0,0,1,0,0,0,0,1,0,0,"25,968"
,,Stamford,4,2,2,0,0,0,1,1,2,4,"132,007"
,,Stratford,1,0,0,0,0,0,0,1,0,0,"52,472"
,,Torrington,2,0,1,0,0,0,1,0,0,2,"34,286"
,,Trumbull,0,1,0,0,0,0,0,0,0,1,"36,167"
,,Vernon,0,0,1,0,0,0,0,0,0,1,"29,304"
,,Waterbury,2,0,0,0,0,0,0,2,0,0,"108,378"
,,Willimantic,0,0,1,0,0,0,0,1,0,0,"17,691"
,,Windsor,1,0,0,0,0,0,0,1,0,0,"28,867"
,,Woodbridge,1,0,0,0,0,0,0,1,0,0,"8,832"
,Universities and Colleges,,1,0,0,0,0,0,,,,,
,,Southern Connecticut State University,1,0,0,0,0,0,0,0,1,0,"11,978"
,State Police Agencies,,1,3,3,0,0,0,,,,,
,,Connecticut State Police,1,3,3,0,0,0,4,0,2,1,
,Tribal Agencies,,1,0,0,0,0,0,,,,,
,,Mashantucket Pequot Tribal,1,0,0,0,0,0,0,0,1,0,
Delaware,Total,,13,1,2,0,0,0,,,,,
,Cities,,5,0,0,0,0,0,,,,,
,,Dover,1,0,0,0,0,0,0,1,0,0,"37,778"
,,Felton,1,0,0,0,0,0,0,0,1,0,"1,414"
,,Newark,1,0,0,0,0,0,0,1,0,0,"34,207"
,,Seaford,1,0,0,0,0,0,1,0,0,0,"7,876"
,,Wilmington,1,0,0,0,0,0,0,1,0,0,"71,157"
,Universities and Colleges,,4,0,0,0,0,0,,,,,
,,Delaware State University,1,0,0,0,0,0,1,0,0,0,"5,162"
,,University of Delaware,3,0,0,0,0,0,1,0,1,1,"24,855"
,Metropolitan Counties,,3,0,2,0,0,0,,,,,
,,New Castle County Police Department,3,0,2,0,0,0,1,2,0,2,
,State Police Agencies,,1,1,0,0,0,0,,,,,
,,State Police:,,,,,,,,,,,
,,Kent County,1,0,0,0,0,0,0,0,0,1,
,,New Castle County,0,1,0,0,0,0,1,0,0,0,
District of Columbia,Total,,99,12,68,0,1,33,,,,,
,Cities,,88,12,60,0,1,33,,,,,
,,Washington,88,12,60,0,1,33,32,49,58,55,"702,455"
,Other Agencies,,11,0,8,0,0,0,,,,,
,,Metro Transit Police,11,0,8,0,0,0,2,5,6,6,
Florida,Total,,71,29,35,1,0,5,,,,,
,Cities,,39,22,26,0,0,4,,,,,
,,Boca Raton,1,1,0,0,0,0,2,0,0,0,"100,162"
,,Cape Coral,1,0,0,0,0,0,0,0,0,1,"187,869"
,,Coral Gables,0,1,0,0,0,0,0,1,0,0,"51,716"
,,Davie,2,1,0,0,0,0,0,2,1,,"107,120"
,,Deerfield Beach,0,1,1,0,0,0,,1,0,1,"81,371"
,,Fort Lauderdale,3,0,2,0,0,0,0,5,0,0,"182,150"
,,Fort Myers,0,0,1,0,0,0,0,1,0,0,"82,805"
,,Gainesville,1,2,0,0,0,0,1,0,1,1,"133,400"
,,Groveland,1,0,0,0,0,0,0,0,,1,"14,342"
,,Jacksonville,4,0,0,0,0,0,1,1,2,0,"903,213"
,,Key West,0,0,1,0,0,0,0,0,1,0,"25,286"
,,Largo,1,0,0,0,0,0,0,0,0,1,"85,568"
,,Lauderdale Lakes,3,0,0,0,0,0,1,0,1,1,"36,575"
,,Miami,3,1,4,0,0,2,3,1,3,3,"473,047"
,,Miami Beach,1,11,7,0,0,1,5,4,7,4,"92,928"
,,Minneola,1,0,0,0,0,0,1,0,0,0,"11,859"
,,North Miami,0,0,1,0,0,0,1,0,0,0,"62,585"
,,Ocala,1,0,0,0,0,0,0,1,0,0,"59,505"
,,Orlando,2,0,2,0,0,0,1,0,2,1,"286,679"
,,Palm Bay,6,0,0,0,0,0,1,0,3,2,"112,902"
,,Parkland,0,1,0,0,0,0,0,0,1,0,"33,760"
,,Pembroke Pines,0,1,0,0,0,0,0,1,0,0,"173,053"
,,Pompano Beach,0,0,2,0,0,1,0,0,3,0,"112,045"
,,Port St. Lucie,1,0,2,0,0,0,0,0,0,3,"193,137"
,,Sebastian,0,0,1,0,0,0,0,0,0,1,"25,672"
,,Sunrise,2,0,0,0,0,0,0,1,1,0,"95,812"
,,Tallahassee,1,0,0,0,0,0,0,1,0,0,"192,443"
,,Tampa,1,1,0,0,0,0,0,0,0,2,"392,945"
,,Temple Terrace,2,0,0,0,0,0,1,0,1,0,"26,777"
,,Weston,0,1,0,0,0,0,0,0,1,0,"71,744"
,,West Palm Beach,1,0,1,0,0,0,0,0,2,0,"111,659"
,,Wilton Manors,0,0,1,0,0,0,0,0,1,0,"12,941"
,Universities and Colleges,,3,0,0,0,0,0,,,,,
,,Pensacola State College,3,0,0,0,0,0,2,0,1,0,"13,602"
,Metropolitan Counties,,29,7,9,1,0,1,,,,,
,,Alachua,0,0,0,0,0,1,0,0,1,0,
,,Bay,0,0,1,0,0,0,0,1,0,0,
,,Brevard,1,0,0,0,0,0,0,1,0,0,
,,Broward,3,0,0,0,0,0,0,0,2,1,
,,Clay,1,0,1,0,0,0,0,0,0,2,
,,Collier,0,1,0,0,0,0,0,0,0,1,
,,Flagler,1,0,0,0,0,0,0,0,0,1,
,,Lake,2,0,0,0,0,0,0,0,1,1,
,,Lee,5,0,1,0,0,0,1,2,1,2,
,,Leon,0,1,0,0,0,0,1,0,0,0,
,,Manatee,1,0,0,0,0,0,0,0,1,0,
,,Martin,1,1,0,0,0,0,1,1,0,0,
,,Miami-Dade,2,2,1,1,0,0,2,3,0,1,
,,Orange,4,1,2,0,0,0,1,2,4,0,
,,Palm Beach,0,1,0,0,0,0,0,1,0,0,
,,Pinellas,1,0,0,0,0,0,0,0,0,1,
,,Polk,1,0,1,0,0,0,0,1,0,1,
,,Seminole,2,0,0,0,0,0,0,0,2,0,
,,St. Johns,1,0,1,0,0,0,0,1,1,0,
,,Sumter,1,0,1,0,0,0,1,0,1,0,
,,Volusia,2,0,0,0,0,0,1,0,0,1,
Georgia,Total,,28,4,3,0,0,0,,,,,
,Cities,,8,2,1,0,0,0,,,,,
,,Atlanta,1,1,0,0,0,0,0,2,0,0,"461,405"
,,Columbus,4,1,1,0,0,0,4,1,,1,"194,135"
,,Conyers,1,0,0,0,0,0,0,0,1,0,"16,128"
,,Woodstock,2,0,0,0,0,0,1,1,0,0,"32,850"
,Universities and Colleges,,1,0,0,0,0,0,,,,,
,,University of Georgia,1,0,0,0,0,0,0,0,1,0,"40,462"
,Metropolitan Counties,,19,2,2,0,0,0,,,,,
,,Chatham County Police Department,1,0,0,0,0,0,0,0,1,0,
,,Cobb County Police Department,14,2,1,0,0,0,4,7,2,4,
,,Gwinnett County Police Department,3,0,1,0,0,0,0,2,2,0,
,,Henry County Police Department,1,0,0,0,0,0,0,0,0,1,
Hawaii,Total,,33,1,10,0,0,0,,,,,
,Cities,,33,1,10,0,0,0,,,,,
,,Honolulu,33,1,10,0,0,0,4,10,12,18,"982,019"
Idaho,Total,,15,6,2,0,0,0,,,,,
,Cities,,14,6,2,0,0,0,,,,,
,,Boise,3,1,0,0,0,0,0,1,1,2,"229,265"
,,Chubbuck,1,0,0,0,0,0,1,0,0,0,"14,998"
,,Coeur d'Alene,2,0,1,0,0,0,0,1,1,1,"51,650"
,,Filer,1,0,0,0,0,0,1,0,0,0,"2,813"
,,Idaho Falls,1,1,0,0,0,0,1,0,1,0,"61,643"
,,Jerome,1,0,0,0,0,0,0,0,0,1,"11,738"
,,Ketchum,1,0,0,0,0,0,0,0,0,1,"2,771"
,,Lewiston,2,0,0,0,0,0,0,0,1,1,"32,949"
,,Meridian,0,0,1,0,0,0,0,0,0,1,"103,774"
,,Nampa,2,0,0,0,0,0,1,0,1,0,"95,386"
,,Pocatello,0,1,0,0,0,0,0,0,0,1,"55,304"
,,Twin Falls,0,3,0,0,0,0,0,0,1,2,"49,908"
,Nonmetropolitan Counties,,1,0,0,0,0,0,,,,,
,,Cassia,1,0,0,0,0,0,0,1,0,,
Illinois,Total,,62,20,20,0,0,6,,,,,
,Cities,,59,20,19,0,0,6,,,,,
,,Addison,1,0,0,0,0,0,0,1,0,0,"36,791"
,,Aurora,1,0,0,0,0,0,0,0,0,1,"133,546"
,,Bartlett,1,0,0,0,0,0,0,0,0,1,"24,369"
,,Calumet City,1,0,0,0,0,0,1,0,0,0,"36,560"
,,Champaign,0,0,1,0,0,0,0,0,1,0,"88,326"
,,Chicago,36,10,13,0,0,3,11,21,20,10,"2,719,151"
,,Crete,1,0,0,0,0,0,0,1,0,0,"8,147"
,,DeKalb,3,0,0,0,0,0,1,1,1,0,"43,064"
,,East Peoria,1,0,0,0,0,0,0,0,1,0,"22,640"
,,Elgin,0,1,1,0,0,0,0,0,1,1,"87,989"
,,Evanston,0,0,1,0,0,0,0,0,1,0,"74,780"
,,Galesburg,2,0,0,0,0,0,0,1,0,1,"30,573"
,,Harwood Heights,1,0,0,0,0,0,0,1,0,0,"8,490"
,,Herscher,1,0,0,0,0,0,0,0,1,0,"1,515"
,,Joliet,0,3,0,0,0,0,0,0,0,3,"137,970"
,,Marengo,0,0,1,0,0,0,0,0,1,0,"7,470"
,,Normal,2,0,0,0,0,0,0,0,1,1,"54,525"
,,Orland Park,0,4,0,0,0,0,0,1,1,2,"58,873"
,,Peoria,1,0,0,0,0,1,1,1,0,0,"112,595"
,,Plainfield,1,0,0,0,0,1,2,0,0,0,"42,281"
,,Quincy,1,0,0,0,0,0,0,1,0,0,"40,249"
,,Rockford3,3,0,2,0,0,0,0,2,1,1,"146,196"
,,Rolling Meadows,0,1,0,0,0,0,0,1,0,0,"23,970"
,,Romeoville,1,0,0,0,0,0,0,0,1,,"39,625"
,,Skokie,0,1,0,0,0,0,0,1,0,0,"63,849"
,,Watseka,0,0,0,0,0,1,0,0,1,,"4,868"
,,Willow Springs,1,0,0,0,0,0,0,1,0,0,"5,639"
,Universities and Colleges,,0,0,1,0,0,0,,,,,
,,Western Illinois University,0,0,1,0,0,0,1,0,0,,"11,951"
,Metropolitan Counties,,2,0,0,0,0,0,,,,,
,,Kankakee,1,0,0,0,0,0,0,0,1,0,
,,Will,1,0,0,0,0,0,1,0,0,0,
,Nonmetropolitan Counties,,1,0,0,0,0,0,,,,,
,,Perry,1,0,0,0,0,0,1,0,0,0,
Indiana,Total,,75,20,11,1,2,2,0,,,,
,Cities,,69,13,10,1,2,1,,,,,
,,Bloomington,6,1,0,0,0,0,1,3,1,2,"85,730"
,,Columbus,2,0,0,0,0,0,,2,,,"47,595"
,,Fort Wayne,0,1,0,0,0,0,0,0,1,0,"267,634"
,,Greenfield,1,0,0,0,0,0,0,1,0,0,"22,292"
,,Hammond,4,0,0,0,0,0,,1,2,1,"76,050"
,,Indianapolis3,22,5,5,0,2,0,3,13,10,5,"877,584"
,,Jasper,0,1,0,0,0,0,,,0,1,"15,583"
,,Lafayette,5,0,0,0,0,0,1,,3,1,"72,904"
,,Lawrence,3,0,1,0,0,1,0,2,1,2,"49,093"
,,Plainfield,2,0,0,0,0,0,1,,,1,"33,668"
,,South Bend3,18,2,3,1,0,0,4,6,7,6,"102,397"
,,Terre Haute,6,3,1,0,0,0,3,3,2,2,"60,773"
,Universities and Colleges,,2,1,1,0,0,1,,,,,
,,"Indiana University, Bloomington",1,1,0,0,0,1,1,,2,,"53,254"
,,Purdue University,1,0,1,0,0,0,2,,,,"44,190"
,Metropolitan Counties,,1,0,0,0,0,0,,,,,
,,Madison,1,0,0,0,0,0,0,0,0,1,
,State Police Agencies,,3,6,0,0,0,0,,,,,
,,State Police:,,,,,,,,,,,
,,Clark County,0,1,0,0,0,0,0,1,0,0,
,,Floyd County,0,1,0,0,0,0,0,0,0,1,
,,Lake County,0,1,0,0,0,0,0,0,1,0,
,,Marion County,1,0,0,0,0,0,0,0,1,0,
,,Miami County,1,0,0,0,0,0,0,1,0,0,
,,Monroe County,0,1,0,0,0,0,0,0,1,0,
,,Orange County,0,1,0,0,0,0,0,0,0,1,
,,Spencer County,1,0,0,0,0,0,0,1,0,0,
,,St. Joseph County,0,1,0,0,0,0,0,1,0,0,
Iowa,Total,,4,2,2,2,0,0,,,,,
,Cities,,2,1,2,2,0,0,,,,,
,,Des Moines,0,1,0,0,0,0,0,1,0,0,"219,159"
,,Dubuque,1,0,0,0,0,0,0,0,1,0,"58,362"
,,Grinnell,1,0,0,0,0,0,0,0,1,0,"9,000"
,,Le Mars,0,0,0,1,0,0,0,1,0,,"9,989"
,,Mount Vernon,0,0,1,0,0,0,0,1,,,"4,426"
,,Pella,0,0,1,0,0,0,0,0,1,0,"10,208"
,,Pleasant Hill,0,0,0,1,0,0,1,0,0,0,"10,030"
,Universities and Colleges,,1,0,0,0,0,0,,,,,
,,University of Iowa,1,0,0,0,0,0,1,0,0,,"35,671"
,Metropolitan Counties,,1,1,0,0,0,0,,,,,
,,Dubuque,1,1,0,0,0,0,1,0,1,0,
Kansas,Total,,35,18,9,7,0,0,,,,,
,Cities,,19,16,6,6,0,0,,,,,
,,Bel Aire,0,1,0,0,0,0,0,0,0,1,"8,092"
,,Burlington,0,0,1,0,0,0,1,0,0,0,"2,537"
,,Chanute,1,0,0,0,0,0,1,0,,,"9,046"
,,Dodge City,1,1,0,0,0,0,0,0,1,1,"27,756"
,,Garden City,0,0,0,1,0,0,0,0,1,0,"26,902"
,,Goodland,0,1,0,0,0,0,1,0,0,0,"4,400"
,,Great Bend,1,0,1,0,0,0,0,0,1,1,"15,251"
,,Hutchinson,4,0,0,1,0,0,1,2,1,1,"40,573"
,,Iola,1,0,0,0,0,0,0,1,0,0,"5,306"
,,Liberal,2,1,2,1,0,0,1,3,1,1,"19,725"
,,Olathe,1,0,0,0,0,0,0,0,1,0,"139,154"
,,Ottawa,1,0,1,0,0,0,1,1,0,0,"12,300"
,,Overland Park,1,1,0,0,0,0,1,0,1,0,"193,877"
,,Pittsburg,0,1,0,0,0,0,0,0,1,0,"20,210"
,,Salina,2,0,1,1,0,0,1,0,2,1,"46,862"
,,Shawnee,1,0,0,0,0,0,0,0,0,1,"65,983"
,,St. Marys,0,1,0,0,0,0,0,0,0,1,"2,646"
,,Topeka,2,1,0,0,0,0,0,0,3,0,"126,399"
,,Valley Center,0,0,0,2,0,0,2,0,0,0,"7,370"
,,Wellington,0,3,0,0,0,0,0,0,0,3,"7,775"
,,Wichita,1,2,0,0,0,0,1,0,1,1,"391,726"
,,Winfield,0,3,0,0,0,0,0,0,0,3,"12,072"
,Universities and Colleges,,2,0,2,0,0,0,,,,,
,,Kansas State University,1,0,0,0,0,0,0,0,1,0,"25,775"
,,University of Kansas:,,,,,,,,,,,
,,Main Campus,0,0,1,0,0,0,0,0,0,1,"31,201"
,,Medical Center4,1,0,1,0,0,0,1,0,1,0,
,Metropolitan Counties,,7,2,0,0,0,0,,,,,
,,Jefferson,2,1,0,0,0,0,2,0,0,1,
,,Johnson,1,0,0,0,0,0,0,0,1,0,
,,Riley County Police Department,2,0,0,0,0,0,0,0,1,1,
,,Sedgwick,1,1,0,0,0,0,1,1,0,0,
,,Wyandotte,1,0,0,0,0,0,1,0,0,0,
,Nonmetropolitan Counties,,6,0,1,0,0,0,,,,,
,,Crawford,2,0,0,0,0,0,0,1,1,0,
,,Dickinson,1,0,0,0,0,0,0,1,0,0,
,,Franklin,1,0,0,0,0,0,1,0,0,0,
,,Montgomery,1,0,0,0,0,0,1,0,0,0,
,,Pratt,1,0,0,0,0,0,0,0,1,0,
,,Saline,0,0,1,0,0,0,1,0,0,0,
,State Police Agencies,,1,0,0,0,0,0,,,,,
,,"Highway Patrol, Troop E",1,0,0,0,0,0,0,1,0,0,
,Tribal Agencies,,0,0,0,1,0,0,,,,,
,,Potawatomi Tribal,0,0,0,1,0,0,0,1,0,0,
Kentucky,Total,,189,16,22,3,8,2,, ,,,
,Cities,,132,9,21,3,5,2,,,,,
,,Ashland,2,0,1,0,0,0,0,1,1,1,"20,525"
,,Berea,1,0,0,0,0,0,1,0,0,0,"15,893"
,,Bowling Green,8,2,0,0,2,0,6,3,1,2,"68,268"
,,Cadiz,0,0,0,0,1,0,0,0,0,1,"2,637"
,,Calvert City,1,0,0,0,0,0,0,0,0,1,"2,513"
,,Campbellsville,2,0,0,0,0,0,1,0,1,0,"11,503"
,,Columbia,1,0,0,0,0,0,0,1,0,0,"4,927"
,,Corbin,1,0,0,0,0,0,1,0,0,0,"5,517"
,,Covington,4,1,1,0,0,1,1,1,3,2,"40,448"
,,Cynthiana,1,0,0,1,0,0,1,0,0,1,"6,362"
,,Danville,2,0,0,0,0,0,0,1,1,0,"16,801"
,,Dawson Springs,2,0,0,0,0,0,0,0,2,0,"2,665"
,,Elizabethtown,1,0,0,0,0,0,0,1,0,0,"30,180"
,,Erlanger,1,0,0,0,0,0,1,0,0,0,"22,993"
,,Falmouth,0,0,1,0,0,0,0,0,0,1,"2,100"
,,Florence,4,0,0,0,0,0,2,1,0,1,"32,701"
,,Fort Mitchell,1,0,0,0,0,0,0,1,0,0,"8,260"
,,Fort Thomas,1,0,0,0,0,0,0,0,1,0,"16,274"
,,Frankfort,6,0,0,0,0,0,0,0,4,2,"27,664"
,,Fulton,1,0,0,0,0,0,0,0,1,0,"2,175"
,,Georgetown,7,0,0,0,0,0,2,2,3,0,"34,351"
,,Glasgow,2,0,0,0,0,0,0,2,0,0,"14,411"
,,Henderson,2,0,0,0,0,0,0,0,1,1,"28,618"
,,Highland Heights,1,0,0,0,0,0,1,0,0,0,"7,112"
,,Hopkinsville,2,0,1,0,0,0,0,0,2,1,"30,606"
,,Independence,1,0,0,0,0,0,0,0,0,1,"28,052"
,,Jeffersontown,3,0,0,0,0,0,0,1,1,1,"27,443"
,,La Grange3,1,0,0,0,1,0,0,0,1,0,"8,995"
,,Lancaster,1,0,0,0,0,0,0,0,1,0,"3,866"
,,Lawrenceburg,1,0,0,0,0,0,1,0,0,0,"11,378"
,,Lebanon,1,0,0,0,0,0,0,0,1,0,"5,668"
,,Lexington3,23,3,7,1,1,0,5,7,6,15,"325,579"
,,London,1,0,1,0,0,0,1,1,0,0,"8,008"
,,Louisville Metro,9,0,2,1,0,1,5,1,1,6,"682,005"
,,Mount Washington,1,0,0,0,0,0,0,0,1,0,"14,704"
,,Murray,0,1,0,0,0,0,0,0,0,1,"19,402"
,,Newport,1,0,0,0,0,0,0,1,0,0,"14,972"
,,Nicholasville3,4,0,1,0,0,0,0,2,1,1,"30,922"
,,Oak Grove,1,0,2,0,0,0,1,0,0,2,"7,232"
,,Owensboro,4,0,0,0,0,0,0,2,1,1,"59,686"
,,Owingsville,1,0,0,0,0,0,0,0,1,0,"1,575"
,,Paducah,4,1,1,0,0,0,3,1,2,0,"24,933"
,,Paris3,3,0,1,0,0,0,2,1,0,0,"9,809"
,,Radcliff,3,0,0,0,0,0,0,1,2,0,"22,576"
,,Richmond,3,0,0,0,0,0,0,3,0,0,"35,952"
,,Russell Springs,1,0,0,0,0,0,0,0,1,0,"2,588"
,,Russellville,1,0,0,0,0,0,0,0,1,0,"7,088"
,,Shelbyville,1,0,0,0,0,0,0,0,0,1,"16,138"
,,St. Matthews,1,0,0,0,0,0,0,1,0,0,"18,228"
,,Taylorsville,1,0,0,0,0,0,0,1,0,0,"1,262"
,,Tompkinsville,1,0,0,0,0,0,0,0,0,1,"2,267"
,,Uniontown,1,0,0,0,0,0,1,0,0,0,943
,,Versailles,2,1,0,0,0,0,0,0,1,2,"26,552"
,,Vine Grove,1,0,0,0,0,0,0,1,0,0,"6,237"
,,Williamsburg,1,0,0,0,0,0,0,0,1,0,"5,299"
,,Wilmore,1,0,1,0,0,0,1,0,1,0,"6,406"
,,Winchester,0,0,1,0,0,0,0,1,0,0,"18,505"
,Universities and Colleges,,3,0,0,0,1,0,,,,,
,,Morehead State University,1,0,0,0,0,0,1,0,0,0,"12,390"
,,University of Kentucky,0,0,0,0,1,0,0,0,0,1,"31,564"
,,University of Louisville,2,0,0,0,0,0,0,1,1,0,"25,091"
,Metropolitan Counties,,18,4,0,0,0,0,,,,,
,,Boone,6,1,0,0,0,0,1,2,0,4,
,,Bourbon,0,1,0,0,0,0,0,0,1,0,
,,Boyd,3,1,0,0,0,0,0,2,1,1,
,,Campbell County Police Department,2,0,0,0,0,0,0,0,1,1,
,,Gallatin,1,0,0,0,0,0,0,0,1,0,
,,Jessamine,1,0,0,0,0,0,0,0,1,0,
,,Oldham County Police Department,1,1,0,0,0,0,1,0,0,1,
,,Scott,1,0,0,0,0,0,0,0,0,1,
,,Shelby,1,0,0,0,0,0,0,0,0,1,
,,Warren,2,0,0,0,0,0,2,0,0,0,
,Nonmetropolitan Counties,,10,2,1,0,2,0,,,,,
,,Boyle,2,0,0,0,0,0,0,0,2,0,
,,Clay,0,1,0,0,0,0,0,0,0,1,
,,Franklin,1,0,0,0,0,0,0,1,0,0,
,,Garrard County Police Department,0,0,1,0,0,0,0,1,0,0,
,,Hart,1,0,0,0,0,0,0,1,0,0,
,,Laurel,0,1,0,0,0,0,1,0,0,0,
,,Lee,1,0,0,0,0,0,0,0,1,0,
,,McCracken,1,0,0,0,2,0,1,0,2,0,
,,Montgomery,1,0,0,0,0,0,1,0,0,0,
,,Pulaski,2,0,0,0,0,0,1,0,0,1,
,,Whitley,1,0,0,0,0,0,0,0,1,0,
,State Police Agencies,,19,1,0,0,0,0,,,,,
,,State Police:,,,,,,,,,,,
,,Ashland,0,1,0,0,0,0,1,0,0,0,
,,Bowling Green,1,0,0,0,0,0,0,0,0,1,
,,Campbellsburg,3,0,0,0,0,0,1,0,2,0,
,,Cannabis Suppression Section,1,0,0,0,0,0,0,0,1,0,
,,Dry Ridge,1,0,0,0,0,0,0,0,1,0,
,,Elizabethtown,3,0,0,0,0,0,1,1,0,1,
,,Frankfort,2,0,0,0,0,0,0,1,1,0,
,,Hazard,3,0,0,0,0,0,0,0,2,1,
,,Madisonville,1,0,0,0,0,0,0,1,0,0,
,,Morehead,2,0,0,0,0,0,0,1,1,0,
,,West Drug Enforcement Branch,2,0,0,0,0,0,0,0,1,1,
,Other Agencies,,7,0,0,0,0,0,,,,,
,,Cincinnati-Northern Kentucky International Airport,1,0,0,0,0,0,1,0,0,0,
,,Fayette County Schools,1,0,0,0,0,0,0,0,0,1,
,,Greater Hardin County Narcotics Task Force,1,0,0,0,0,0,1,0,0,0,
,,Jefferson County School District,1,0,0,0,0,0,1,0,0,0,
,,South Central Kentucky Drug Task Force,3,0,0,0,0,0,0,0,3,0,
Louisiana,Total,,25,13,6,0,1,0,,,,,
,Cities,,7,3,0,0,0,0,,,,,
,,Franklinton,1,0,0,0,0,0,0,,1,0,"3,771"
,,Gonzales,1,0,0,0,0,0,0,0,1,0,"10,916"
,,Monroe,1,3,0,0,0,0,1,1,1,1,"48,291"
,,New Orleans,2,0,0,0,0,0,1,1,0,0,"396,374"
,,Tallulah,1,0,0,0,0,0,0,1,0,0,"6,777"
,,Westlake,1,0,0,0,0,0,1,0,0,,"4,627"
,Universities and Colleges,,0,0,1,0,0,0,,,,,
,,"Southern University and A&M College, New Orleans",0,0,1,0,0,0,0,0,0,1,"3,113"
,Metropolitan Counties,,8,9,5,0,1,0,,,,,
,,Bossier,2,2,0,0,0,0,0,2,2,0,
,,Calcasieu,2,5,2,0,0,0,4,2,3,0,
,,Lafourche,1,0,3,0,0,0,4,0,0,0,
,,Morehouse,0,0,0,0,1,0,0,1,0,0,
,,Ouachita,0,2,0,0,0,0,0,0,1,1,
,,Rapides,2,0,0,0,0,0,1,1,0,0,
,,St. John the Baptist,1,0,0,0,0,0,0,0,1,0,
,Nonmetropolitan Counties,,10,1,0,0,0,0,,,,,
,,Concordia,1,1,0,0,0,0,1,0,0,1,
,,Evangeline,6,0,0,0,0,0,0,0,6,0,
,,Madison,2,0,0,0,0,0,0,1,0,1,
,,Washington,1,0,0,0,0,0,1,0,0,0,
Maine,Total,,11,1,6,1,0,1,,,,,
,Cities,,11,1,5,1,0,0,,,,,
,,Biddeford,1,0,0,0,0,0,0,1,0,0,"21,519"
,,Eastport,1,0,0,0,0,0,0,0,1,0,"1,258"
,,Lewiston,0,0,1,0,0,0,0,0,1,0,"36,170"
,,Portland,7,1,3,1,0,0,3,5,2,2,"66,997"
,,Saco,1,0,1,0,0,0,0,1,0,1,"19,628"
,,South Portland,1,0,0,0,0,0,1,0,0,0,"25,557"
,State Police Agencies,,0,0,1,0,0,1,,,,,
,,Maine State Police,0,0,1,0,0,1,2,0,0,0,
Maryland,Total,,27,7,9,2,0,5,,,,,
,Cities,,3,2,2,0,0,0,,,,,
,,Baltimore,0,0,1,0,0,0,0,0,1,0,"605,436"
,,Denton,1,0,0,0,0,0,0,1,0,0,"4,485"
,,Laurel,0,1,0,0,0,0,0,1,0,0,"26,038"
,,Riverdale Park3,1,1,0,0,0,0,0,0,0,1,"7,330"
,,Takoma Park,0,0,1,0,0,0,0,1,0,0,"18,049"
,,Taneytown,1,0,0,0,0,0,0,0,0,1,"6,795"
,Universities and Colleges,,3,0,1,0,0,0,,,,,
,,Towson University,1,0,0,0,0,0,0,0,0,1,"25,467"
,,University of Maryland:,,,,,,,,,,,
,,Baltimore County,2,0,0,0,0,0,0,0,2,0,"15,700"
,,College Park,0,0,1,0,0,0,0,0,0,1,"43,691"
,Metropolitan Counties,,16,5,6,2,0,5,,,,,
,,Anne Arundel County Police Department,3,0,1,0,0,2,2,1,3,0,
,,Baltimore County Police Department,1,0,2,0,0,0,,0,3,0,
,,Calvert,1,0,0,0,0,0,0,0,1,0,
,,Charles,1,0,0,0,0,0,0,1,0,,
,,Howard County Police Department,0,0,1,0,0,0,0,0,1,0,
,,Montgomery County Police Department,8,3,0,2,0,3,11,2,2,1,
,,Prince George's County Police Department,2,2,2,0,0,0,1,1,3,1,
,Nonmetropolitan Counties,,2,0,0,0,0,0,,,,,
,,Kent,2,0,0,0,0,0,0,1,0,1,
,State Police Agencies,,1,0,0,0,0,0,,,,,
,,"State Police, Wicomico County",1,0,0,0,0,0,0,1,0,0,
,Other Agencies,,2,0,0,0,0,0,,,,,
,,Natural Resources Police,1,0,0,0,0,0,0,0,0,1,
,,Transit Administration,1,0,0,0,0,0,0,0,1,0,
Massachusetts,Total,,200,86,69,6,5,7,,,,,
,Cities,,179,79,63,5,5,5,,,,,
,,Acton,0,1,0,0,0,0,0,1,0,0,"24,038"
,,Amherst,2,1,0,0,0,0,0,2,1,0,"40,242"
,,Andover,0,3,0,0,0,0,1,1,0,1,"36,324"
,,Arlington,4,4,1,0,0,0,4,2,3,0,"45,876"
,,Ashburnham,0,1,0,0,0,0,0,1,0,0,"6,335"
,,Ashland,0,0,0,1,0,0,1,0,0,0,"17,860"
,,Ayer,1,1,0,0,0,0,1,1,0,0,"8,246"
,,Barnstable,1,2,0,0,0,0,0,0,1,2,"44,015"
,,Belmont3,2,0,1,0,0,0,0,0,1,1,"26,700"
,,Boston3,89,18,39,0,0,2,25,37,43,39,"694,673"
,,Boxford,0,1,0,0,0,0,0,0,0,1,"8,355"
,,Braintree,1,2,0,0,0,0,0,0,2,1,"37,345"
,,Brockton,1,1,0,0,0,0,1,1,0,0,"95,922"
,,Brookline,2,0,0,0,0,0,1,1,0,0,"59,199"
,,Cambridge3,6,8,0,1,1,1,6,3,3,4,"114,881"
,,Chelmsford,2,1,0,0,0,0,1,1,0,1,"35,264"
,,Chicopee,1,0,0,0,0,0,0,0,1,0,"55,639"
,,Chilmark,0,0,0,0,1,0,1,0,0,0,923
,,Cohasset,1,0,0,0,0,0,0,1,0,0,"8,665"
,,Concord3,1,1,0,0,0,0,0,0,0,4,"19,459"
,,Danvers,1,1,0,0,1,0,0,0,2,1,"27,703"
,,Dracut,1,0,0,0,0,0,0,1,0,0,"31,917"
,,Easthampton3,1,1,1,0,0,0,0,0,1,1,"16,050"
,,Easton,1,0,0,0,0,0,0,0,0,1,"25,225"
,,Edgartown,1,0,0,1,0,0,0,0,1,1,"4,357"
,,Everett,0,1,0,0,0,0,0,1,0,0,"47,005"
,,Falmouth3,1,1,0,0,0,0,1,0,0,0,"31,033"
,,Framingham,3,3,0,0,0,0,1,3,2,0,"72,510"
,,Great Barrington,0,1,0,0,0,0,1,0,0,0,"6,821"
,,Groton,0,1,0,0,0,0,0,0,1,0,"11,462"
,,Haverhill3,6,2,1,1,0,1,3,2,2,3,"64,012"
,,Holbrook,1,1,0,0,0,0,0,0,0,2,"11,052"
,,Lawrence,0,0,1,0,0,0,1,0,0,0,"80,669"
,,Lynn,0,1,0,0,0,1,0,0,2,0,"94,558"
,,Malden,1,0,0,0,0,0,0,0,1,0,"61,469"
,,Medford,0,0,0,1,0,0,0,1,0,0,"57,997"
,,Melrose3,1,1,1,0,0,0,0,1,0,0,"28,552"
,,Milford,1,0,0,0,0,0,0,0,0,1,"29,056"
,,Millbury,0,1,0,0,0,0,0,1,0,0,"13,802"
,,Monson,0,1,0,0,0,0,0,1,0,0,"8,890"
,,Nantucket,1,0,0,0,0,0,1,0,0,0,"11,388"
,,Natick,1,0,0,0,0,0,0,1,0,0,"36,717"
,,Newton,2,3,2,0,0,0,0,3,1,3,"89,505"
,,Northampton,1,0,0,0,0,0,1,0,0,0,"28,587"
,,North Andover,1,0,0,0,0,0,0,0,0,1,"31,394"
,,Oak Bluffs,0,1,0,0,0,0,0,1,0,0,"4,699"
,,Palmer,1,0,0,0,0,0,0,1,0,0,"12,320"
,,Pittsfield3,2,1,0,0,0,0,0,1,0,1,"42,298"
,,Provincetown,0,0,2,0,0,0,0,1,1,0,"2,960"
,,Quincy,7,2,0,0,0,0,2,1,2,4,"94,388"
,,Revere,2,0,2,0,0,0,0,0,3,1,"54,296"
,,Salem,2,1,2,0,0,0,0,1,1,3,"43,634"
,,Somerville3,5,1,3,0,1,0,1,5,2,1,"82,161"
,,South Hadley,2,0,0,0,0,0,0,1,1,0,"17,799"
,,Spencer,0,0,1,0,0,0,0,0,1,0,"11,989"
,,Springfield,6,1,3,0,0,0,3,1,3,3,"155,179"
,,Sturbridge3,2,1,0,0,0,0,1,0,0,1,"9,626"
,,Swampscott3,2,3,0,0,0,0,0,3,0,0,"15,380"
,,Tisbury,1,0,1,0,0,0,1,0,1,0,"4,131"
,,Wales,0,0,0,0,1,0,0,1,0,0,"1,902"
,,Waltham,4,2,1,0,0,0,3,1,1,2,"62,655"
,,Watertown,0,1,0,0,0,0,0,1,0,0,"36,320"
,,Westfield,1,0,0,0,0,0,1,0,0,0,"41,854"
,,West Tisbury,1,0,0,0,0,0,0,0,0,1,"2,920"
,,Winchester,1,0,0,0,0,0,0,1,0,0,"23,036"
,,Winthrop,0,1,0,0,0,0,1,0,0,0,"18,783"
,,Worcester,1,0,1,0,0,0,0,1,1,0,"186,188"
,Universities and Colleges,,13,5,2,1,0,2,,,,,
,,Assumption College,1,0,0,0,0,0,0,1,0,0,"2,913"
,,Boston University,2,0,0,0,0,0,0,0,2,0,"40,807"
,,College of the Holy Cross,1,1,1,0,0,0,1,1,0,1,"2,806"
,,Dean College,1,0,0,0,0,0,0,0,1,0,"1,568"
,,Massasoit Community College3,1,1,0,0,0,0,0,0,0,1,"10,613"
,,Northeastern University3,2,1,1,1,0,1,1,0,1,2,"27,486"
,,Springfield Technical Community College,0,1,0,0,0,0,0,0,1,0,"7,713"
,,"University of Massachusetts, Amherst",2,1,0,0,0,1,1,0,2,1,"34,778"
,,Westfield State University,3,0,0,0,0,0,0,2,0,1,"8,017"
,Other Agencies,,8,2,4,0,0,0,,,,,
,,Massachusetts Bay Transportation Authority:  ,,,,,,,,,,,
,,Essex County,0,0,1,0,0,0,0,0,0,1,
,,Norfolk County3,2,1,1,0,0,0,1,,2,,
,,Suffolk County3,6,1,2,0,0,0,2,1,1,4,
Michigan,Total,,282,48,70,19,12,0,,,,,
,Cities,,182,31,55,14,8,0,,,,,
,,Allen Park,1,0,0,0,0,0,0,0,1,0,"27,020"
,,Ann Arbor,3,5,1,0,0,0,3,5,1,0,"122,571"
,,Auburn Hills,1,0,0,0,0,0,0,0,0,1,"23,579"
,,Bad Axe,1,0,0,0,0,0,0,0,1,0,"2,933"
,,Battle Creek,0,0,2,0,0,0,0,2,0,0,"60,615"
,,Bay City,0,0,2,0,0,0,0,0,2,0,"32,953"
,,Belding,0,0,1,0,0,0,1,0,0,0,"5,737"
,,Benton Township,1,0,1,0,0,0,0,1,0,1,"14,382"
,,Bloomfield Township,1,0,0,0,0,0,0,0,1,0,"42,199"
,,Bridgeport Township,1,0,0,0,0,0,0,1,0,0,"9,853"
,,Brighton,0,0,1,0,0,0,0,1,0,0,"7,635"
,,Bronson,0,1,0,0,0,0,0,1,0,0,"2,297"
,,Burton,4,0,1,0,0,0,0,2,0,3,"28,464"
,,Cadillac,0,2,1,0,0,0,0,1,2,0,"10,455"
,,Canton Township,2,0,0,0,0,0,1,0,1,0,"92,055"
,,Chelsea,1,0,0,0,0,0,0,0,1,0,"5,248"
,,Chocolay Township,0,0,1,0,0,0,0,0,0,1,"5,936"
,,Clare,1,0,0,0,0,0,0,1,0,0,"2,990"
,,Clinton Township,2,0,0,0,0,0,1,0,0,1,"101,279"
,,Coloma Township,0,0,0,1,0,0,0,0,0,1,"6,369"
,,Dearborn,1,1,0,0,0,0,0,0,1,1,"94,022"
,,Dearborn Heights,1,1,0,1,0,0,0,1,1,1,"55,495"
,,Detroit,28,1,18,5,2,0,12,16,14,12,"671,275"
,,DeWitt Township,0,0,0,1,0,0,0,1,0,0,"15,194"
,,Dowagiac,1,0,0,0,0,0,0,0,0,1,"5,738"
,,East Lansing,0,1,1,0,0,0,0,0,1,1,"46,913"
,,Elkton,0,1,0,0,0,0,0,1,0,0,751
,,Escanaba,4,0,1,0,0,0,1,1,2,1,"12,169"
,,Farmington Hills,0,1,0,0,0,0,0,0,1,0,"81,239"
,,Ferndale,0,0,1,0,0,0,0,1,0,0,"20,095"
,,Flat Rock,0,1,0,0,0,0,1,0,0,0,"9,967"
,,Flint,9,0,0,0,1,0,3,0,0,7,"95,677"
,,Flint Township,1,0,0,0,0,0,0,0,0,1,"30,378"
,,Fowlerville,0,0,0,0,2,0,0,0,0,2,"2,953"
,,Frankenmuth,1,0,0,0,0,0,0,0,1,0,"5,290"
,,Fruitport Township,2,0,0,0,0,0,0,1,0,1,"14,168"
,,Garden City,2,0,0,0,0,0,1,0,0,1,"26,520"
,,Gladstone,1,0,0,0,0,0,0,0,1,0,"4,721"
,,Gladwin,1,0,0,0,0,0,0,0,1,0,"2,874"
,,Grand Blanc Township,1,0,0,0,0,0,0,1,0,0,"36,489"
,,Grand Rapids,5,0,1,0,0,0,1,1,0,4,"200,428"
,,Grandville,1,0,0,0,0,0,0,0,0,1,"16,057"
,,Grant,1,0,0,0,0,0,0,0,1,0,882
,,Grosse Ile Township,0,0,1,0,0,0,0,0,1,0,"10,128"
,,Hamburg Township,1,0,0,0,0,0,0,1,0,0,"22,024"
,,Hampton Township,1,0,0,0,0,0,0,1,0,0,"9,458"
,,Hamtramck,0,1,0,0,0,0,0,0,0,1,"21,668"
,,Harbor Beach,0,0,1,0,0,0,0,0,1,0,"1,591"
,,Harper Woods,1,0,0,0,0,0,0,0,0,1,"13,674"
,,Highland Park,5,1,1,0,3,0,1,4,0,5,"10,794"
,,Holland,1,2,0,0,0,0,1,1,1,0,"26,322"
,,Huntington Woods,2,0,0,0,0,0,0,0,1,1,"6,328"
,,Inkster,1,0,1,0,0,0,0,1,0,1,"24,334"
,,Kalamazoo,1,0,1,0,0,0,1,0,0,1,"76,020"
,,Kentwood,1,0,0,0,0,0,0,0,0,1,"52,192"
,,Kingsford,0,0,0,1,0,0,1,0,0,0,"4,960"
,,Lansing,2,0,0,0,0,0,1,0,0,1,"112,534"
,,Lansing Township,1,0,0,0,0,0,0,0,1,0,"8,213"
,,Litchfield,1,0,0,0,0,0,0,0,1,0,"1,336"
,,Livonia,0,0,1,0,0,0,0,1,0,0,"93,740"
,,Lowell,1,0,0,0,0,0,0,1,0,0,"4,138"
,,Ludington,1,0,0,0,0,0,0,1,0,0,"8,058"
,,Mackinac Island,1,0,0,0,0,0,0,1,0,0,467
,,Madison Heights,1,0,0,0,0,0,0,0,1,0,"30,100"
,,Marquette,1,0,0,0,0,0,0,0,1,0,"20,529"
,,Marshall,0,0,1,0,0,0,0,0,0,1,"6,986"
,,Melvindale,1,0,0,0,0,0,0,1,0,0,"10,291"
,,Menominee,0,0,0,1,0,0,0,0,0,1,"8,089"
,,Meridian Township,2,0,1,0,0,0,0,1,1,1,"43,072"
,,Metro Police Authority of Genesee County,1,0,0,0,0,0,1,0,0,0,"19,887"
,,Midland,2,2,0,0,0,0,2,0,1,1,"41,798"
,,Milan,0,1,0,0,0,0,0,0,0,1,"4,018"
,,Monroe,1,0,0,0,0,0,0,1,0,0,"19,754"
,,Muskegon Township,1,0,0,0,0,0,0,0,0,1,"17,879"
,,Northfield Township,1,0,0,0,0,0,0,1,0,0,"8,741"
,,Northville Township,0,1,0,0,0,0,1,0,0,0,"28,939"
,,Norton Shores,1,0,0,0,0,0,0,0,0,1,"24,578"
,,Oak Park,0,0,1,0,0,0,1,0,0,0,"29,688"
,,Ontwa Township-Edwardsburg,1,0,0,0,0,0,0,1,0,0,"6,493"
,,Orchard Lake,1,0,0,0,0,0,0,0,0,1,"2,465"
,,Orion Township,1,0,0,0,0,0,0,0,0,1,"36,193"
,,Owosso,0,0,1,0,0,0,0,0,0,1,"14,455"
,,Pinckney,0,0,0,1,0,0,0,0,1,0,"2,479"
,,Pontiac,1,0,0,0,0,0,0,0,0,1,"59,817"
,,Port Huron,1,0,0,0,0,0,0,0,1,0,"28,907"
,,Redford Township,2,0,1,0,0,0,0,0,2,1,"46,899"
,,Richmond,0,0,0,1,0,0,0,0,1,0,"5,916"
,,Romulus,5,0,0,0,0,0,0,1,3,1,"23,389"
,,Roseville,4,1,1,0,0,0,0,2,2,2,"47,524"
,,Royal Oak,1,1,0,0,0,0,1,0,1,0,"59,383"
,,Saginaw,1,0,1,0,0,0,0,2,0,0,"48,302"
,,Saginaw Township,1,0,0,0,0,0,0,1,0,0,"39,198"
,,Sault Ste. Marie,1,0,0,0,0,0,0,1,0,0,"13,557"
,,Shelby,0,0,0,1,0,0,0,0,0,1,"2,019"
,,Shelby Township,2,0,0,0,0,0,2,0,0,0,"79,878"
,,Southfield,2,0,1,0,0,0,0,0,2,1,"73,418"
,,Southgate,2,0,1,0,0,0,3,0,0,0,"28,959"
,,South Haven,2,0,0,0,0,0,1,0,0,1,"4,337"
,,St. Clair Shores,5,0,0,0,0,0,2,0,2,1,"59,618"
,,St. Joseph,1,0,0,0,0,0,0,1,0,0,"8,364"
,,Sturgis,1,0,0,0,0,0,0,1,0,0,"10,796"
,,Tawas,1,0,1,0,0,0,2,0,0,0,"4,487"
,,Tecumseh,1,0,0,0,0,0,0,0,0,1,"8,363"
,,Thomas Township,1,0,0,0,0,0,0,1,0,0,"11,488"
,,Traverse City,2,0,1,0,0,0,0,2,1,0,"15,441"
,,Trenton,1,0,0,0,0,0,1,0,0,0,"18,176"
,,Troy,5,0,0,0,0,0,3,1,0,1,"84,221"
,,Unadilla Township,0,0,1,0,0,0,0,1,0,0,"3,465"
,,Walker,1,0,1,0,0,0,0,0,0,2,"25,010"
,,Warren,9,2,0,0,0,0,1,2,7,1,"135,160"
,,Waterford Township,2,0,2,0,0,0,0,1,0,3,"73,066"
,,Wayland,0,0,1,0,0,0,0,0,1,0,"4,260"
,,Wayne,1,0,0,0,0,0,1,0,0,0,"16,862"
,,West Bloomfield Township,2,1,0,0,0,0,0,1,1,1,"65,928"
,,Williamston,1,0,0,0,0,0,0,0,0,1,"3,924"
,,Wyandotte,0,1,0,0,0,0,0,0,1,0,"24,862"
,,Wyoming,5,2,0,1,0,0,1,2,2,3,"76,498"
,,Ypsilanti,3,0,0,0,0,0,1,0,2,0,"21,298"
,Universities and Colleges,,9,3,4,0,1,0,,,,,
,,Eastern Michigan University,1,1,0,0,0,0,0,0,1,1,"24,545"
,,Ferris State University,0,0,1,0,0,0,0,1,0,0,"16,828"
,,Michigan State University,1,0,1,0,1,0,1,0,1,1,"55,545"
,,Mott Community College,0,0,1,0,0,0,0,1,0,0,"10,769"
,,Oakland Community College,1,0,0,0,0,0,0,1,0,0,"29,644"
,,Saginaw Valley State University,1,0,0,0,0,0,1,0,0,0,"10,320"
,,University of Michigan:  ,,,,,,,,,,,
,,Ann Arbor ,4,1,0,0,0,0,0,1,2,2,"46,316"
,,Dearborn,0,1,0,0,0,0,0,1,0,0,"10,714"
,,Flint,1,0,1,0,0,0,2,0,0,0,"9,455"
,Metropolitan Counties,,28,5,4,3,1,0,,,,,
,,Bay,1,0,0,0,0,0,0,1,0,0,
,,Calhoun,1,0,0,2,0,0,2,1,0,0,
,,Eaton,1,0,0,1,0,0,0,0,2,0,
,,Genesee,4,1,0,0,1,0,0,5,0,1,
,,Ingham,1,0,0,0,0,0,0,0,0,1,
,,Ionia,6,0,0,0,0,0,0,1,3,2,
,,Kent,3,0,3,0,0,0,0,1,4,1,
,,Lapeer,0,1,0,0,0,0,0,1,0,0,
,,Livingston,1,0,0,0,0,0,0,1,0,0,
,,Monroe,3,0,0,0,0,0,2,0,1,0,
,,Muskegon,1,0,0,0,0,0,1,0,0,0,
,,Ottawa,5,2,0,0,0,0,6,0,1,0,
,,Saginaw,0,0,1,0,0,0,0,1,0,0,
,,Washtenaw,1,1,0,0,0,0,1,1,0,0,
,Nonmetropolitan Counties,,11,4,4,1,2,0,,,,,
,,Allegan,0,0,1,0,0,0,0,1,0,0,
,,Alpena,0,0,0,0,1,0,0,0,0,1,
,,Barry,3,0,0,0,0,0,1,0,2,0,
,,Charlevoix,0,0,1,0,0,0,0,1,0,0,
,,Chippewa,1,0,0,1,0,0,1,1,0,0,
,,Delta,0,0,0,0,1,0,1,0,0,0,
,,Gladwin,0,0,1,0,0,0,0,0,1,0,
,,Isabella,2,0,0,0,0,0,0,1,0,1,
,,Luce,1,0,0,0,0,0,0,1,0,0,
,,Newaygo,0,1,0,0,0,0,0,0,1,0,
,,Oceana,1,0,0,0,0,0,1,0,0,0,
,,Osceola,0,0,1,0,0,0,1,0,0,0,
,,St. Joseph,1,0,0,0,0,0,0,1,0,0,
,,Tuscola,1,0,0,0,0,0,0,0,0,1,
,,Van Buren,1,3,0,0,0,0,2,0,1,1,
,State Police Agencies,,50,5,3,1,0,0,,,,,
,,State Police:,,,,,,,,,,,
,,Alger County,0,1,0,0,0,0,1,0,0,0,
,,Allegan County,1,0,0,0,0,0,0,1,0,0,
,,Alpena County,1,1,0,0,0,0,0,1,0,1,
,,Arenac County,1,0,0,0,0,0,0,0,1,0,
,,Barry County,1,0,0,0,0,0,0,1,0,0,
,,Berrien County,3,0,0,0,0,0,0,0,3,0,
,,Calhoun County,4,0,0,0,0,0,1,1,1,1,
,,Chippewa County,3,0,1,0,0,0,2,0,1,1,
,,Delta County,1,0,0,0,0,0,0,0,0,1,
,,Eaton County,1,0,0,0,0,0,0,0,1,0,
,,Genesee County,1,0,0,0,0,0,1,0,0,0,
,,Hillsdale County,1,0,0,0,0,0,1,0,0,0,
,,Ionia County,1,0,0,0,0,0,1,0,0,0,
,,Iosco County,1,0,0,0,0,0,0,1,0,0,
,,Isabella County,1,0,0,0,0,0,0,1,0,0,
,,Jackson County,2,1,1,0,0,0,1,1,1,1,
,,Kalamazoo County,2,0,0,0,0,0,0,2,0,0,
,,Livingston County,2,0,0,0,0,0,2,0,0,0,
,,Macomb County,1,0,0,0,0,0,0,0,1,0,
,,Mecosta County,1,0,0,0,0,0,0,0,1,0,
,,Montcalm County,4,2,0,0,0,0,2,1,1,2,
,,Muskegon County,1,0,0,1,0,0,1,1,0,0,
,,Oakland County,0,0,1,0,0,0,0,0,1,0,
,,Saginaw County,2,0,0,0,0,0,0,0,1,1,
,,Schoolcraft County,2,0,0,0,0,0,0,2,0,0,
,,Shiawassee County,3,0,0,0,0,0,0,2,1,0,
,,St. Clair County,1,0,0,0,0,0,0,0,0,1,
,,St. Joseph County,1,0,0,0,0,0,0,0,1,0,
,,Van Buren County,1,0,0,0,0,0,1,0,0,0,
,,Washtenaw County,2,0,0,0,0,0,1,1,0,0,
,,Wayne County,3,0,0,0,0,0,2,0,0,1,
,,Wexford County,1,0,0,0,0,0,0,1,0,0,
,Tribal Agencies,,1,0,0,0,0,0,,,,,
,,Little River Band of Ottawa Indians,1,0,0,0,0,0,0,0,0,1,
,Other Agencies,,1,0,0,0,0,0,,,,,
,,Gerald R. Ford International Airport,1,0,0,0,0,0,0,0,1,0,
Minnesota,Total,,72,26,25,3,0,0,,,,,
,Cities,,62,24,23,2,0,0,,,,,
,,Blaine,1,0,0,0,0,0,0,0,1,0,"65,649"
,,Brooklyn Park,2,1,1,0,0,0,1,2,1,0,"81,263"
,,Columbia Heights,1,0,0,0,0,0,0,0,1,0,"21,119"
,,Coon Rapids,2,0,1,0,0,0,1,1,0,1,"62,818"
,,Detroit Lakes,0,1,0,1,0,0,0,1,1,0,"9,289"
,,Eden Prairie,0,1,0,0,0,0,0,0,0,1,"64,917"
,,Fairmont,1,0,0,0,0,0,0,0,1,0,"10,053"
,,Fergus Falls,1,0,0,0,0,0,1,0,0,0,"13,839"
,,Inver Grove Heights,1,0,0,0,0,0,0,0,0,1,"35,592"
,,Janesville,1,0,0,0,0,0,0,0,0,1,"2,259"
,,Lakeville,4,1,1,0,0,0,1,0,3,2,"64,914"
,,Mankato,7,1,0,0,0,0,1,0,4,3,"42,606"
,,Maple Grove,1,0,0,0,0,0,1,0,0,0,"72,502"
,,Maplewood,2,2,1,0,0,0,0,1,4,0,"41,339"
,,Mendota Heights,0,1,0,0,0,0,0,0,0,1,"11,381"
,,Minneapolis,8,1,14,0,0,0,4,7,7,5,"428,261"
,,Minnetonka,0,1,0,0,0,0,0,1,0,0,"53,573"
,,Moorhead,2,0,1,0,0,0,2,0,0,1,"43,657"
,,Mounds View,1,0,0,0,0,0,0,0,1,0,"13,235"
,,New Brighton,2,0,0,0,0,0,0,0,2,0,"22,978"
,,North Branch,1,0,0,0,0,0,0,0,1,0,"10,511"
,,Northfield,1,0,0,0,0,0,0,0,1,0,"19,327"
,,Prior Lake,2,0,0,0,0,0,0,0,0,2,"26,925"
,,Red Wing,2,0,0,0,0,0,1,0,0,1,"16,405"
,,Rochester,2,3,0,0,0,0,3,2,0,0,"117,037"
,,St. Cloud,5,3,1,0,0,0,1,2,3,3,"54,591"
,,St. Louis Park,4,1,0,0,0,0,2,1,0,1,"49,595"
,,St. Paul,6,7,2,0,0,0,5,1,0,9,"309,756"
,,St. Peter,0,0,1,0,0,0,0,1,0,0,"12,012"
,,West St. Paul,1,0,0,0,0,0,1,0,0,0,"19,798"
,,Winnebago,0,0,0,1,0,0,0,0,1,0,"1,339"
,,Woodbury,1,0,0,0,0,0,1,0,0,0,"70,900"
,Universities and Colleges,,3,0,0,0,0,0,,,,,
,,"University of Minnesota, Twin Cities",3,0,0,0,0,0,0,0,3,0,"64,860"
,Metropolitan Counties,,5,1,2,1,0,0,,,,,
,,Carver,1,0,1,0,0,0,1,1,0,0,
,,Ramsey,4,1,0,1,0,0,0,0,5,1,
,,Sherburne,0,0,1,0,0,0,0,0,0,1,
,Nonmetropolitan Counties,,0,1,0,0,0,0,,,,,
,,Waseca,0,1,0,0,0,0,0,1,0,0,
,Tribal Agencies,,2,0,0,0,0,0,,,,,
,,White Earth Tribal,2,0,0,0,0,0,0,0,2,0,
Mississippi,Total,,2,1,2,0,0,0,,,,,
,Cities,,2,1,1,0,0,0,,,,,
,,Brandon,2,0,0,0,0,0,0,1,0,1,"24,283"
,,Clinton,0,0,1,0,0,0,0,0,0,1,"25,137"
,,Holly Springs,0,1,0,0,0,0,,,1,,"7,614"
,Metropolitan Counties,,0,0,1,0,0,0,,,,,
,,DeSoto,0,0,1,0,0,0,1,0,0,0,
Missouri,Total,,50,3,8,2,0,1,,,,,
,Cities,,44,2,6,2,0,1,,,,,
,,Belton,2,0,0,0,0,0,0,0,1,1,"23,526"
,,Blue Springs,4,0,0,0,0,0,1,1,1,1,"55,277"
,,Duquesne,0,0,0,1,0,0,0,0,1,0,"1,736"
,,Fulton,1,0,0,0,0,0,0,1,0,0,"12,856"
,,Gladstone,0,1,0,0,0,0,0,0,0,1,"27,382"
,,Grain Valley,1,0,0,0,0,0,0,0,1,0,"14,165"
,,Independence,1,0,2,0,0,0,0,3,0,0,"117,368"
,,Jefferson City,1,0,0,0,0,0,0,0,1,0,"42,834"
,,Kansas City,29,0,3,0,0,1,9,10,7,7,"317,135"
,,Lexington,1,0,0,0,0,0,0,0,0,1,"4,531"
,,Lilbourn,0,0,0,1,0,0,0,0,1,0,"1,082"
,,Macon,1,0,0,0,0,0,1,0,0,0,"5,368"
,,Smithville,1,0,0,0,0,0,1,0,0,0,"10,012"
,,St. Louis,1,0,1,0,0,0,0,0,1,1,"306,875"
,,Wentzville,0,1,0,0,0,0,0,1,0,0,"41,057"
,,West Plains,1,0,0,0,0,0,0,1,0,0,"12,277"
,Metropolitan Counties,,3,0,0,0,0,0,,,,,
,,St. Louis County Police Department,3,0,0,0,0,0,,0,1,2,
,Nonmetropolitan Counties,,3,1,2,0,0,0,,,,,
,,Dade,2,0,0,0,0,0,0,1,1,0,
,,Henry,1,0,0,0,0,0,0,0,0,4,
,,Laclede,0,0,1,0,0,0,0,0,0,1,
,,Ste. Genevieve,0,1,0,0,0,0,0,1,0,0,
,,Wayne,0,0,1,0,0,0,0,0,1,0,
Montana,Total,,1,0,6,0,0,0,,,,,
,Cities,,0,0,5,0,0,0,,,,,
,,Billings,0,0,1,0,0,0,1,0,0,0,"110,397"
,,Bozeman,0,0,1,0,0,0,0,0,0,1,"48,101"
,,Missoula,0,0,3,0,0,0,0,0,3,0,"74,300"
,Universities and Colleges,,1,0,0,0,0,0,,,,,
,,University of Montana,1,0,0,0,0,0,0,1,0,0,"14,683"
,Metropolitan Counties,,0,0,1,0,0,0,,,,,
,,Yellowstone,0,0,1,0,0,0,0,0,0,1,
Nebraska,Total,,22,2,5,4,0,1,,,,,
,Cities,,15,2,4,3,0,1,,,,,
,,Bellevue,0,0,0,1,0,0,0,0,1,0,"53,683"
,,Grand Island,0,0,2,0,0,0,0,2,0,0,"51,768"
,,La Vista,0,0,0,2,0,0,2,0,0,0,"17,177"
,,Lincoln,10,0,1,0,0,1,4,6,1,1,"288,589"
,,North Platte,0,0,1,0,0,0,0,0,1,0,"23,774"
,,Ogallala,1,0,0,0,0,0,1,0,0,0,"4,512"
,,Omaha,3,2,0,0,0,0,1,1,3,0,"469,351"
,,Valley,1,0,0,0,0,0,,0,0,1,"2,334"
,Metropolitan Counties,,5,0,1,1,0,0,,,,,
,,Cass,0,0,1,0,0,0,0,0,1,0,
,,Douglas,1,0,0,1,0,0,0,2,0,0,
,,Howard,2,0,0,0,0,0,0,0,1,1,
,,Merrick,2,0,0,0,0,0,2,0,0,0,
,Nonmetropolitan Counties,,2,0,0,0,0,0,,,,,
,,Perkins,1,0,0,0,0,0,0,0,0,1,
,,Thurston,1,0,0,0,0,0,0,1,0,0,
Nevada,Total,,15,11,8,0,0,0,,,,,
,Cities,,13,7,7,0,0,0,,,,,
,,Boulder City,0,0,1,0,0,0,1,0,0,0,"16,112"
,,Henderson,3,2,0,0,0,0,1,1,3,0,"309,586"
,,Las Vegas Metropolitan Police Department,7,4,5,0,0,0,5,2,5,4,"1,644,390"
,,North Las Vegas,3,0,0,0,0,0,0,1,2,0,"246,951"
,,Reno,0,1,1,0,0,0,0,0,1,1,"252,341"
,Universities and Colleges,,1,4,1,0,0,0,,,,,
,,"University of Nevada, Las Vegas3",1,4,1,0,0,0,1,0,1,3,"34,647"
,Nonmetropolitan Counties,,1,0,0,0,0,0,,,,,
,,Clark County School District,1,0,0,0,0,0,1,0,,,
New Hampshire,Total,,7,2,3,1,0,0,,,,,
,Cities,,6,1,2,1,0,0,,,,,
,,Bedford,0,1,0,0,0,0,0,1,0,0,"22,640"
,,Carroll,0,0,1,0,0,0,0,0,0,1,730
,,Goffstown,1,0,0,0,0,0,0,0,0,1,"17,978"
,,Hinsdale,1,0,0,0,0,0,0,0,1,0,"3,855"
,,Lincoln,0,0,1,0,0,0,0,1,0,0,"1,772"
,,Manchester,2,0,0,0,0,0,1,0,1,0,"111,422"
,,Northumberland,1,0,0,0,0,0,0,0,0,1,"2,112"
,,Pelham,1,0,0,0,0,0,0,0,1,0,"13,795"
,,Seabrook,0,0,0,1,0,0,0,0,0,1,"8,941"
,Universities and Colleges,,0,1,1,0,0,0,,,,,
,,University of New Hampshire,0,1,1,0,0,0,0,1,1,0,"16,599"
,Nonmetropolitan Counties,,1,0,0,0,0,0,,,,,
,,Grafton,1,0,0,0,0,0,0,0,0,1,
New Jersey,Total,,308,198,53,4,1,7,,,,,
,Cities,,277,183,46,4,1,7,,,,,
,,Aberdeen Township,2,0,1,0,0,2,1,2,0,2,"18,378"
,,Barnegat Township,0,0,0,1,0,0,0,0,1,0,"22,777"
,,Berkeley Heights Township,1,0,0,0,0,0,0,0,0,1,"13,646"
,,Berlin,1,0,0,0,0,0,0,0,0,1,"7,495"
,,Beverly,1,0,0,0,0,0,0,0,0,1,"2,497"
,,Bloomingdale,1,0,0,0,0,0,0,1,0,0,"8,211"
,,Boonton,3,2,0,0,0,0,0,2,2,1,"8,236"
,,Bordentown Township,1,0,0,0,0,0,0,1,0,0,"12,323"
,,Brick Township,0,1,0,0,0,0,0,0,1,0,"74,712"
,,Bridgeton,4,1,4,0,0,0,5,0,1,3,"24,386"
,,Bridgewater Township,1,0,1,0,0,0,2,0,0,0,"45,050"
,,Brooklawn,1,0,0,0,0,0,0,0,0,1,"1,904"
,,Burlington City,1,0,0,0,0,0,1,0,0,0,"9,817"
,,Camden County Police Department,0,1,0,0,0,0,1,0,0,0,"73,140"
,,Carteret,0,1,0,0,0,0,0,1,0,0,"23,921"
,,Cedar Grove Township,0,1,0,0,0,0,0,1,0,0,"12,566"
,,Chatham,1,0,0,0,0,0,1,0,0,0,"8,793"
,,Cherry Hill Township,2,2,2,0,0,0,4,0,2,0,"70,578"
,,Cinnaminson Township,1,0,0,0,0,0,0,1,0,0,"16,630"
,,Clifton,2,2,0,0,0,0,2,1,1,0,"85,732"
,,Closter,1,1,0,1,0,0,0,0,1,2,"8,691"
,,Colts Neck Township,0,1,0,0,0,0,0,0,0,1,"9,944"
,,Cranbury Township,1,0,0,0,0,0,0,0,1,0,"3,900"
,,Deal,1,0,0,0,0,0,1,0,0,0,730
,,Delanco Township,2,0,0,0,0,0,2,0,0,0,"4,509"
,,Denville Township,1,0,0,0,0,0,0,1,0,0,"16,737"
,,Dover,2,0,0,0,0,0,0,0,1,1,"17,982"
,,Dumont,1,1,0,0,0,0,0,0,0,2,"17,825"
,,East Brunswick Township3,7,5,3,0,0,0,3,4,3,4,"48,342"
,,East Hanover Township,1,0,0,0,0,0,0,0,1,0,"11,084"
,,East Orange,0,1,0,0,0,0,0,0,0,1,"64,625"
,,East Rutherford,0,1,0,0,0,0,0,0,1,0,"9,941"
,,Edison Township,0,4,0,0,0,0,2,0,0,2,"101,309"
,,Egg Harbor Township,2,0,0,0,0,0,1,1,0,0,"43,276"
,,Elizabeth,1,0,0,0,0,0,0,0,1,0,"129,080"
,,Emerson,1,0,0,0,0,0,0,1,0,0,"7,679"
,,Englewood,6,1,0,0,0,0,1,3,1,2,"28,988"
,,Evesham Township3,12,10,1,0,0,0,7,8,5,2,"45,354"
,,Fair Lawn,0,2,0,0,0,0,1,0,1,0,"33,413"
,,Fort Lee,3,2,0,0,0,0,1,2,1,1,"37,729"
,,Franklin Lakes,0,5,0,0,0,0,2,1,1,1,"11,191"
,,"Franklin Township, Somerset County",1,0,0,0,0,0,0,0,1,0,"66,624"
,,Freehold Borough,0,1,0,0,0,0,0,0,0,1,"11,873"
,,Freehold Township,1,2,1,0,0,0,0,2,2,0,"34,896"
,,Galloway Township,2,0,0,0,0,0,0,0,1,1,"36,467"
,,Glen Ridge,1,0,0,0,0,0,0,0,1,0,"7,622"
,,Gloucester City,1,0,0,0,0,0,0,0,0,1,"11,167"
,,Hackensack,3,1,0,0,0,0,1,2,0,1,"44,926"
,,Haddonfield,1,1,0,0,0,0,1,1,0,0,"11,253"
,,"Hamilton Township, Atlantic County",1,0,0,0,0,0,0,0,0,1,"87,889"
,,"Hamilton Township, Mercer County3",2,1,0,0,0,0,0,1,0,1,"26,380"
,,Hanover Township,1,2,0,0,0,0,1,2,0,0,"14,583"
,,Hardyston Township,1,0,0,0,0,0,0,1,0,0,"7,823"
,,Harrison Township,1,0,0,0,0,0,1,0,0,0,"12,915"
,,Haworth,0,2,0,0,0,0,0,0,0,2,"3,463"
,,Highland Park,0,1,0,0,0,0,1,0,0,0,"13,989"
,,Highlands,1,0,0,0,0,0,1,0,0,0,"4,794"
,,Hightstown,2,0,0,0,0,0,0,0,1,1,"5,289"
,,Hillsborough Township,0,0,1,0,0,0,1,0,0,0,"39,796"
,,Hillsdale,2,7,0,0,0,0,1,0,1,7,"10,484"
,,Hoboken,3,1,3,0,0,0,2,4,1,0,"55,096"
,,Holmdel Township,1,1,0,0,0,0,0,0,0,2,"16,621"
,,Hopewell Township,4,0,0,0,0,0,0,0,0,4,"18,000"
,,Howell Township,11,2,1,0,0,0,2,8,1,3,"52,672"
,,Jackson Township,0,1,0,0,0,0,1,0,0,0,"56,706"
,,Jefferson Township,0,0,1,0,0,0,1,0,0,0,"21,071"
,,Jersey City,3,1,0,0,0,0,0,1,3,0,"270,175"
,,Keansburg,7,1,3,0,0,0,3,2,3,3,"9,766"
,,Lakewood Township,2,16,0,0,0,0,3,3,11,1,"102,915"
,,Lambertville,0,0,1,0,0,0,0,1,0,0,"3,811"
,,Leonia,0,1,0,0,0,0,0,0,0,1,"9,175"
,,Lincoln Park,1,0,0,0,0,0,0,0,1,0,"10,308"
,,Linden,2,0,0,0,0,0,0,0,0,2,"42,806"
,,Little Egg Harbor Township,1,0,0,0,0,0,0,0,0,1,"21,087"
,,Little Falls Township,2,0,0,0,0,0,1,1,0,0,"14,306"
,,Livingston Township,1,1,0,0,0,0,1,1,0,0,"29,820"
,,Lodi,0,0,2,0,0,0,0,1,1,0,"24,720"
,,Long Branch,1,0,0,0,0,0,0,1,0,0,"30,750"
,,Lower Township,1,0,0,0,0,0,0,0,1,0,"21,617"
,,Madison,12,1,0,0,0,0,1,0,1,11,"15,832"
,,Mahwah Township,1,0,0,0,0,0,0,0,0,1,"26,501"
,,Manalapan Township,4,5,1,0,0,0,3,3,2,2,"40,150"
,,"Mansfield Township, Burlington County",3,0,0,0,0,0,0,1,0,2,"8,577"
,,Maple Shade Township,3,0,0,0,0,0,3,0,0,0,"18,772"
,,Maplewood Township,1,0,0,0,0,0,0,1,0,0,"24,635"
,,Marlboro Township,3,3,0,0,0,0,0,0,4,2,"40,338"
,,Medford Township,4,3,0,0,0,0,2,1,1,3,"23,558"
,,Mendham,0,1,0,0,0,0,1,0,0,0,"4,905"
,,Merchantville,1,0,0,0,0,0,1,0,0,0,"3,712"
,,Metuchen,0,1,0,0,0,0,0,1,0,0,"14,262"
,,Middle Township,0,0,1,0,0,0,1,0,0,0,"18,358"
,,Middletown Township,1,2,1,0,0,0,0,3,0,1,"65,469"
,,Millburn Township,0,2,0,0,0,0,0,0,0,2,"20,250"
,,Millville,1,0,1,0,0,0,0,1,1,0,"27,837"
,,Monmouth Beach,0,1,0,0,0,0,0,1,0,0,"3,231"
,,"Monroe Township, Gloucester County",1,1,0,0,0,2,2,1,0,1,"36,498"
,,"Monroe Township, Middlesex County",1,3,0,0,0,0,0,1,2,1,"45,597"
,,Montclair,2,1,0,0,0,0,1,0,1,1,"38,893"
,,Montgomery Township,2,0,0,0,0,0,0,0,1,1,"23,515"
,,Montville Township,0,1,0,0,0,0,1,0,0,0,"21,396"
,,Moorestown Township,6,1,0,0,0,0,2,1,3,1,"20,510"
,,Morris Township,0,1,0,0,0,0,1,0,0,0,"22,183"
,,Mountainside,0,1,0,0,0,0,0,1,0,0,"6,925"
,,Mount Holly Township,1,0,0,0,0,0,0,1,0,0,"9,658"
,,Mount Laurel Township,1,1,0,0,0,0,0,0,1,1,"41,629"
,,Neptune Township,8,8,2,0,0,1,0,0,2,17,"27,825"
,,New Brunswick,0,0,1,0,0,0,0,0,0,1,"56,577"
,,New Milford,1,1,0,0,0,0,0,0,0,2,"16,701"
,,New Providence,2,1,0,1,0,0,1,1,0,2,"13,283"
,,Newton,1,0,1,0,0,0,1,1,0,0,"7,824"
,,North Arlington,0,1,0,0,0,0,0,0,0,1,"15,868"
,,North Bergen Township3,1,3,0,0,0,0,0,0,1,2,"63,166"
,,Northfield,1,0,0,0,0,0,1,0,0,0,"8,324"
,,North Haledon,1,0,1,0,0,0,1,1,0,0,"8,469"
,,"Ocean Township, Monmouth County",2,2,1,0,0,0,1,2,0,2,"26,947"
,,Old Bridge Township,3,1,0,0,0,0,2,1,0,1,"66,321"
,,Oradell,0,1,0,0,0,0,0,1,0,0,"8,243"
,,Paramus,1,1,0,0,0,0,0,0,0,2,"26,744"
,,Parsippany-Troy Hills Township,1,0,0,0,0,0,1,0,0,0,"52,447"
,,Paulsboro,1,0,0,0,0,0,0,0,0,1,"5,812"
,,Pemberton Township,1,0,0,0,0,0,1,0,0,0,"27,212"
,,Pennsauken Township,1,0,0,0,0,0,1,0,0,0,"35,420"
,,Piscataway Township,0,3,0,0,0,0,2,1,0,0,"57,342"
,,Pitman,3,0,0,0,0,0,0,0,0,3,"8,696"
,,Pleasantville,0,1,0,0,0,0,0,0,0,1,"20,799"
,,Point Pleasant Beach,1,0,0,0,0,0,0,0,1,0,"4,472"
,,Pompton Lakes,1,3,1,0,0,0,1,1,2,1,"11,062"
,,Princeton,0,0,1,0,0,0,1,0,0,0,"31,856"
,,Rahway,2,0,0,0,0,0,0,0,0,2,"30,113"
,,Randolph Township,2,2,0,0,0,0,1,3,0,0,"25,552"
,,Raritan Township,1,0,0,0,0,0,0,1,0,0,"22,092"
,,Ridgefield Park,1,0,0,0,0,0,0,0,0,1,"13,028"
,,Ridgewood,1,4,0,0,0,0,1,1,0,3,"25,429"
,,Riverside Township,1,0,0,0,0,0,0,0,0,1,"7,875"
,,River Vale Township,0,1,0,0,0,0,0,0,0,1,"10,157"
,,Rockaway Township,9,3,2,0,0,0,9,2,1,2,"25,328"
,,Roselle,2,0,0,0,0,0,0,1,1,0,"21,787"
,,Scotch Plains Township,0,1,0,0,0,0,0,0,0,1,"24,423"
,,Sea Girt,1,0,0,0,0,0,0,1,0,0,"1,766"
,,Secaucus,1,0,0,0,0,0,0,0,0,1,"20,482"
,,Shrewsbury,1,0,0,0,0,0,0,0,0,1,"4,170"
,,South Brunswick Township3,4,4,0,0,0,0,2,3,1,1,"46,340"
,,South Orange Village,2,1,0,0,0,0,0,1,2,0,"16,880"
,,South Plainfield,1,0,0,0,0,0,1,0,0,0,"24,238"
,,Sparta Township,2,0,0,0,0,0,1,0,0,1,"18,694"
,,Spotswood,1,0,1,0,0,0,1,1,0,0,"8,364"
,,Stanhope,0,1,0,0,0,0,0,0,0,1,"3,306"
,,Summit,1,4,0,0,0,0,1,0,0,4,"22,125"
,,Teaneck Township,0,1,0,0,0,2,0,1,1,1,"40,939"
,,Tenafly,0,1,0,0,0,0,0,1,0,0,"14,742"
,,Tinton Falls,2,0,0,0,1,0,1,0,2,0,"17,754"
,,Toms River Township,1,5,0,0,0,0,0,3,1,2,"92,191"
,,Totowa,1,0,0,0,0,0,1,0,0,0,"10,666"
,,Tuckerton,1,0,0,0,0,0,0,1,0,0,"3,336"
,,Union City,1,1,0,0,0,0,0,1,1,0,"69,950"
,,Verona,0,1,0,0,0,0,1,0,0,0,"13,437"
,,Vineland,2,0,0,0,0,0,0,0,2,0,"60,330"
,,Voorhees Township3,2,1,0,0,0,0,1,0,0,1,"29,071"
,,"Washington Township, Gloucester County",0,1,0,0,0,0,0,0,1,0,"47,024"
,,"Washington Township, Morris County",0,1,0,0,0,0,0,0,0,1,"18,484"
,,"Washington Township, Warren County",1,0,0,0,0,0,0,0,1,0,"6,434"
,,Wayne Township,2,2,0,0,0,0,0,0,1,3,"54,340"
,,Weehawken Township,1,0,0,0,0,0,1,0,0,0,"15,567"
,,Westampton Township,1,0,0,0,0,0,0,0,1,0,"8,752"
,,Westfield3,4,4,0,0,0,0,0,0,0,5,"30,011"
,,West New York,1,0,1,0,0,0,1,1,0,0,"54,095"
,,West Orange,3,1,0,0,0,0,1,2,0,1,"48,071"
,,West Windsor Township,3,0,0,0,0,0,0,2,1,0,"28,277"
,,Willingboro Township,0,0,1,0,0,0,0,1,0,0,"32,124"
,,Winslow Township,1,0,0,0,0,0,1,0,0,0,"38,382"
,,Woodbridge Township,1,0,1,0,0,0,0,1,0,1,"100,884"
,,Woodbury,12,0,3,1,0,0,3,4,4,5,"9,746"
,Universities and Colleges,,29,15,7,0,0,0,,,,,
,,Monmouth University,1,0,1,0,0,0,0,0,0,2,"7,049"
,,Montclair State University,6,3,0,0,0,0,3,1,0,5,"23,989"
,,Princeton University,4,0,0,0,0,0,0,1,1,2,"8,483"
,,Rutgers University:,,,,,,,,,,,
,,Newark,1,0,0,0,0,0,0,0,1,0,"15,098"
,,New Brunswick3,12,12,6,0,0,0,7,7,9,6,"56,027"
,,The College of New Jersey,5,0,0,0,0,0,1,0,0,4,"8,792"
,State Police Agencies,,1,0,0,0,0,0,,,,,
,,"State Police, Atlantic County",1,0,0,0,0,0,0,1,0,0,
,Other Agencies,,1,0,0,0,0,0,,,,,
,,New Jersey Transit Police,1,0,0,0,0,0,1,0,0,0,
New Mexico,Total, ,21,3,3,0,0,1,,,,,
,Cities,,20,3,3,0,0,1,,,,,
,,Albuquerque,19,3,3,0,0,1,8,8,9,1,"560,235"
,,Belen,1,0,0,0,0,0,1,0,0,0,"7,061"
,Metropolitan Counties,,1,0,0,0,0,0,,,,,
,,Bernalillo,1,0,0,0,0,0,,1,,,
New York,Total,,153,286,69,1,1,13,,,,,
,Cities,,117,235,51,0,0,12,,,,,
,,Albany,5,4,3,0,0,0,2,3,6,1,"98,322"
,,Amherst Town,5,0,0,0,0,0,1,1,3,0,"121,343"
,,Binghamton,1,1,0,0,0,0,1,0,0,1,"44,876"
,,Buffalo,5,0,0,0,0,1,0,1,3,2,"258,219"
,,Colonie Town,1,0,1,0,0,0,1,0,1,0,"79,842"
,,DeWitt Town,0,0,1,0,0,0,0,1,0,0,"25,268"
,,Endicott Village,1,0,1,0,0,0,0,0,1,1,"12,754"
,,Hamburg Town,1,0,0,0,0,0,0,0,0,1,"46,490"
,,Hastings-on-Hudson Village,0,6,0,0,0,0,2,0,0,4,"8,030"
,,Hempstead Village,1,0,0,0,0,0,0,0,0,1,"56,059"
,,Hoosick Falls Village,0,1,0,0,0,0,0,0,1,0,"3,386"
,,Kingston,0,1,0,0,0,0,1,0,0,0,"23,077"
,,Larchmont Village,0,1,0,0,0,0,1,0,0,0,"6,200"
,,Monroe Village,1,0,0,0,0,0,1,0,0,0,"8,665"
,,Mount Vernon,3,1,0,0,0,0,2,1,1,0,"68,889"
,,Newburgh,0,0,1,0,0,0,0,1,0,0,"28,282"
,,New York,84,216,41,0,0,10,62,80,89,120,"8,523,171"
,,Niagara Falls,1,0,0,0,0,0,1,0,0,0,"48,225"
,,Pelham Village,0,1,0,0,0,0,0,0,0,1,"7,036"
,,Ramapo Town,0,1,0,0,0,0,0,1,0,0,"95,068"
,,Rochester,4,0,1,0,0,0,1,3,1,0,"207,701"
,,Rosendale Town,0,0,0,0,0,1,1,0,0,0,"5,889"
,,Saugerties Town,1,0,0,0,0,0,0,0,1,0,"19,136"
,,Southampton Town,0,1,0,0,0,0,0,0,0,1,"51,231"
,,Spring Valley Village,1,0,0,0,0,0,0,1,0,0,"32,909"
,,Tarrytown Village,0,0,1,0,0,0,0,1,0,0,"11,617"
,,Watervliet,0,0,1,0,0,0,0,0,1,0,"10,115"
,,Westhampton Beach Village,0,1,0,0,0,0,0,1,0,0,"1,819"
,,Yonkers,2,0,0,0,0,0,1,0,1,0,"202,827"
,Universities and Colleges,,6,4,0,0,0,0,,,,,
,,State University of New York Police:  ,,,,,,,,,,,
,,Alfred,1,0,0,0,0,0,1,0,0,0,"4,198"
,,Canton,1,0,0,0,0,0,0,0,0,1,"5,183"
,,Geneseo,1,0,0,0,0,0,1,0,0,0,"5,941"
,,Maritime,0,1,0,0,0,0,0,0,0,1,"2,007"
,,Purchase,0,1,0,0,0,0,0,0,0,1,"4,815"
,,Stony Brook,3,2,0,0,0,0,0,2,2,1,"29,798"
,Metropolitan Counties,,10,21,13,1,1,0,,,,,
,,Dutchess,0,1,2,0,0,0,1,0,2,0,
,,Nassau,5,14,0,0,0,0,3,5,3,8,
,,Ontario,0,0,0,0,1,0,0,0,1,0,
,,Oswego,0,0,1,0,0,0,1,0,0,0,
,,Suffolk County Police Department,5,6,9,1,0,0,7,3,5,6,
,,Westchester Public Safety,0,0,1,0,0,0,0,0,1,0,
,State Police Agencies,,10,9,3,0,0,1,,,,,
,,State Police:,,,,,,,,,,,
,,Cayuga County,1,0,0,0,0,0,0,0,0,1,
,,Clinton County ,1,0,1,0,0,0,0,2,0,0,
,,Dutchess County ,0,0,1,0,0,0,0,0,1,0,
,,Herkimer County,0,2,0,0,0,0,1,1,0,0,
,,Onondaga County ,1,1,0,0,0,0,0,0,0,2,
,,Oswego County ,0,0,1,0,0,0,0,1,0,0,
,,Putnam County ,1,0,0,0,0,0,0,0,1,0,
,,Rockland County,0,1,0,0,0,0,0,0,0,1,
,,Saratoga County ,0,1,0,0,0,0,1,0,0,0,
,,Schoharie County,2,0,0,0,0,0,0,1,1,0,
,,Seneca County,1,0,0,0,0,0,0,1,0,0,
,,Tompkins County ,0,2,0,0,0,0,2,0,0,0,
,,Ulster County ,0,0,0,0,0,1,1,0,0,0,
,,Wayne County ,3,0,0,0,0,0,0,0,3,0,
,,Westchester County ,0,2,0,0,0,0,2,0,0,0,
,Other Agencies,,10,17,2,0,0,0,,,,,
,,"New York City Department of Environmental Protection Police, Eastview Precinct",0,1,1,0,0,0,0,0,0,2,
,,New York City Metropolitan Transportation Authority,9,16,1,0,0,0,6,9,7,4,
,,"State Park, Central Region",1,0,0,0,0,0,0,1,0,0,
North Carolina,Total,,83,27,29,3,0,0,,,,,
,Cities,,70,24,22,2,0,0,,,,,
,,Apex,1,0,0,0,0,0,0,0,0,1,"52,577"
,,Asheville,2,1,0,0,0,0,1,1,1,0,"93,186"
,,Boone,1,0,2,0,0,0,0,0,1,2,"19,524"
,,Carolina Beach,3,0,0,0,0,0,0,1,0,2,"6,352"
,,Cary,0,5,0,0,0,0,0,0,0,5,"168,700"
,,Charlotte-Mecklenburg,13,6,4,1,0,0,6,6,5,6,"931,235"
,,Dunn,0,0,0,1,0,0,0,0,1,0,"9,793"
,,Durham,8,3,1,0,0,0,1,9,0,2,"273,726"
,,Fayetteville,3,0,0,0,0,0,1,1,1,0,"210,117"
,,Greensboro,8,0,3,0,0,0,2,1,4,4,"293,298"
,,Hendersonville,1,0,0,0,0,0,1,0,0,0,"14,081"
,,Hickory,0,1,0,0,0,0,0,0,0,1,"40,617"
,,Hope Mills,1,0,0,0,0,0,0,0,1,0,"16,219"
,,Huntersville,1,1,1,0,0,0,1,0,0,1,"57,677"
,,Jacksonville,1,0,1,0,0,0,1,0,1,0,"71,715"
,,Lexington,1,0,0,0,0,0,0,0,0,1,"18,754"
,,Mocksville,2,0,0,0,0,0,0,0,1,1,"5,303"
,,Mooresville,2,0,1,0,0,0,1,1,1,0,"38,340"
,,Morganton,1,0,1,0,0,0,0,1,1,0,"16,478"
,,New Bern,2,0,0,0,0,0,0,2,0,0,"29,600"
,,Newton,2,0,0,0,0,0,0,0,2,0,"13,121"
,,Pittsboro,3,0,0,0,0,0,1,1,1,0,"4,289"
,,Raleigh,3,4,3,0,0,0,2,1,3,4,"472,472"
,,Roanoke Rapids,4,0,1,0,0,0,1,3,1,0,"14,664"
,,Salisbury,2,0,1,0,0,0,1,0,1,1,"33,901"
,,Southern Shores,0,0,1,0,0,0,0,1,0,0,"2,907"
,,Statesville,0,0,1,0,0,0,0,0,1,0,"26,975"
,,Wilmington,5,3,1,0,0,0,1,4,0,4,"120,920"
,Universities and Colleges,,1,2,1,0,0,0,,,,,
,,Duke University,1,1,0,0,0,0,0,0,1,1,"16,599"
,,East Carolina University,0,1,0,0,0,0,1,0,0,0,"32,388"
,,"University of North Carolina, Wilmington",0,0,1,0,0,0,0,1,0,0,"18,287"
,Metropolitan Counties,,11,1,5,1,0,0,,,,,
,,Buncombe,1,0,0,0,0,0,0,1,0,0,
,,Currituck,0,0,0,1,0,0,0,0,1,0,
,,Forsyth,1,0,1,0,0,0,0,1,0,1,
,,Franklin,2,0,0,0,0,0,0,1,1,0,
,,Lincoln,2,0,0,0,0,0,0,1,1,0,
,,New Hanover,2,0,0,0,0,0,1,1,0,0,
,,Pitt,1,0,3,0,0,0,0,0,1,3,
,,Wake,1,1,1,0,0,0,1,1,1,0,
,,Wayne,1,0,0,0,0,0,0,0,0,1,
,Nonmetropolitan Counties,,1,0,1,0,0,0,,,,,
,,Greene,1,0,0,0,0,0,1,0,0,0,
,,Martin,0,0,1,0,0,0,0,0,1,0,
North Dakota,Total,,4,3,3,0,0,0,,,,,
,Cities,,3,2,3,0,0,0,,,,,
,,Bismarck,1,0,1,0,0,0,0,0,1,1,"74,644"
,,Devils Lake,0,0,1,0,0,0,0,0,1,0,"7,314"
,,Dickinson,1,0,0,0,0,0,0,0,1,0,"22,878"
,,Fargo,0,1,1,0,0,0,0,0,2,0,"124,906"
,,Grand Forks,0,1,0,0,0,0,0,0,0,1,"57,662"
,,Williston,1,0,0,0,0,0,0,1,0,0,"27,390"
,Universities and Colleges, ,1,0,0,0,0,0,,,,,
,,University of North Dakota,1,0,0,0,0,0,1,0,0,0,"18,104"
,Metropolitan Counties, ,0,1,0,0,0,0,,,,,
,,Morton,0,1,0,0,0,0,0,1,0,0,
Ohio,Total,,218,40,54,32,2,4,,,,,
,Cities,,187,29,48,31,1,4,,,,,
,,Akron,5,0,2,1,0,0,0,2,5,1,"197,690"
,,Ashland,0,0,1,1,0,0,0,0,2,0,"20,446"
,,Austintown,0,0,1,0,0,0,0,0,1,0,"35,029"
,,Barberton,1,0,0,2,0,0,1,1,1,0,"26,060"
,,Bellefontaine,0,0,0,0,0,1,0,0,1,0,"13,137"
,,Boardman,1,0,0,0,0,0,1,0,0,0,"39,121"
,,Brunswick,1,0,0,0,0,0,0,1,0,0,"34,954"
,,Canton,2,0,0,0,0,0,0,0,2,0,"70,605"
,,Cincinnati,24,4,2,0,0,0,10,6,7,7,"301,952"
,,Circleville,0,1,0,0,0,0,0,0,1,0,"13,993"
,,Cleveland,25,4,3,4,1,1,7,5,11,15,"384,666"
,,Colerain Township,1,0,0,0,0,0,0,1,0,0,"59,312"
,,Columbus,42,6,19,4,0,0,11,23,22,15,"873,582"
,,Copley Township,1,0,0,1,0,0,1,0,1,,"17,307"
,,Dayton,2,1,0,0,0,0,0,1,2,0,"140,094"
,,Defiance,0,0,0,0,0,1,0,1,0,0,"16,620"
,,Delaware,0,1,0,0,0,0,1,0,0,0,"39,944"
,,Delhi Township,0,0,1,0,0,0,0,1,0,0,"29,700"
,,Elyria,0,0,1,0,0,0,1,0,,,"53,796"
,,Englewood,0,1,0,1,0,0,1,0,1,0,"13,474"
,,Fairborn,1,0,0,0,0,0,1,0,0,0,"33,604"
,,Findlay,1,0,0,0,0,0,0,0,1,0,"41,351"
,,Girard,2,0,0,0,0,0,0,2,0,0,"9,304"
,,Green Township,2,0,0,0,0,0,0,0,0,2,"59,132"
,,Grove City,1,0,0,0,0,0,0,0,0,1,"41,833"
,,Hamilton,4,0,0,1,0,0,1,3,1,0,"62,059"
,,Huber Heights,2,1,2,0,0,0,0,3,1,1,"36,964"
,,"Jackson Township, Stark County",1,1,0,0,0,0,0,1,0,1,"40,416"
,,Johnstown,1,0,0,0,0,0,0,0,1,0,"5,054"
,,Lancaster,1,0,1,0,0,0,0,1,1,0,"40,498"
,,Lebanon,0,0,0,1,0,0,0,0,0,1,"20,696"
,,Liberty Township,1,0,0,0,0,0,0,0,0,1,"11,456"
,,Lockland,1,0,0,0,0,0,0,0,0,1,"3,462"
,,"Madison Township, Franklin County",0,0,0,3,0,0,0,0,2,1,"19,241"
,,"Madison Township, Lake County",0,0,0,0,0,1,1,0,0,0,"15,626"
,,Mansfield,3,0,1,0,0,0,1,0,1,2,"45,941"
,,Marietta,1,0,0,0,0,0,0,0,1,0,"13,618"
,,Massillon,1,1,0,1,0,0,0,1,2,0,"32,361"
,,Maumee,0,0,1,0,0,0,0,0,1,0,"13,720"
,,Mayfield Heights,0,0,0,1,0,0,0,0,1,0,"18,648"
,,Medina,1,1,0,0,0,0,0,1,1,0,"26,128"
,,Mentor-on-the-Lake,2,0,0,0,0,0,0,1,0,1,"7,399"
,,"Miami Township, Clermont County",2,0,0,0,0,0,1,0,1,0,"42,493"
,,"Miami Township, Montgomery County",2,0,0,0,0,0,0,1,0,1,"29,065"
,,Middletown,4,0,0,1,0,0,,2,2,1,"46,084"
,,Monroe,0,0,0,2,0,0,2,0,0,0,"16,168"
,,Montgomery,1,0,0,0,0,0,0,0,0,1,"10,807"
,,Montville Township,1,0,0,0,0,0,0,1,0,0,"11,831"
,,Mount Healthy,0,0,1,0,0,0,1,0,0,0,"6,058"
,,Mount Orab,0,0,1,0,0,0,0,0,1,0,"3,485"
,,Napoleon,0,0,1,0,0,0,0,0,0,1,"8,236"
,,New Albany,1,0,0,0,0,0,0,0,0,1,"10,997"
,,Newton Falls,3,1,0,0,0,0,0,1,2,1,"4,516"
,,North Canton,1,0,1,0,0,0,0,0,2,0,"17,265"
,,North College Hill,1,0,0,0,0,0,0,0,1,0,"9,299"
,,Norton,1,0,0,0,0,0,0,1,0,0,"11,999"
,,Norwood,1,0,0,0,0,0,0,1,0,0,"19,976"
,,Oak Harbor,2,0,0,0,0,0,0,0,2,0,"2,716"
,,Ontario,0,0,0,1,0,0,0,0,0,1,"6,056"
,,Pickerington,1,0,0,0,0,0,0,1,0,0,"20,631"
,,Poland Township,1,0,0,0,0,0,0,0,1,0,"11,888"
,,Portsmouth,0,1,2,0,0,0,0,2,1,0,"20,473"
,,Reading,1,0,0,0,0,0,0,0,1,0,"10,991"
,,Reynoldsburg,1,0,0,0,0,0,0,0,1,0,"28,025"
,,Riverside,1,0,0,0,0,0,0,0,0,1,"25,083"
,,Ross Township,1,0,0,0,0,0,0,0,0,1,"8,879"
,,Shelby,1,0,0,0,0,0,0,1,0,0,"8,984"
,,Sidney,0,1,0,0,0,0,0,1,0,0,"20,537"
,,Solon,1,0,0,0,0,0,0,1,0,0,"22,948"
,,"Springfield Township, Summit County",1,0,0,0,0,0,0,0,0,1,"14,572"
,,Sylvania Township,1,0,0,0,0,0,0,0,1,0,"29,574"
,,Tipp City,0,1,0,0,0,0,0,1,0,0,"9,995"
,,Toledo,5,0,2,0,0,0,1,1,3,2,"275,023"
,,Trotwood,3,0,0,0,0,0,0,2,1,0,"24,380"
,,Upper Arlington,2,0,0,0,0,0,1,0,1,0,"35,572"
,,Urbana,2,1,0,1,0,0,1,3,0,0,"11,337"
,,Van Wert,2,1,0,0,0,0,0,1,2,0,"10,631"
,,Village of Leesburg,1,0,0,0,0,0,0,1,0,0,"1,301"
,,Wapakoneta,0,0,0,1,0,0,1,0,0,0,"9,771"
,,Washington Court House,1,0,0,0,0,0,0,0,0,1,"14,210"
,,Wauseon,0,1,0,0,0,0,0,0,1,0,"7,345"
,,Weathersfield,4,0,0,0,0,0,,,,4,"7,988"
,,Wilmington,3,0,0,0,0,0,0,1,1,1,"12,386"
,,Wooster,0,0,1,2,0,0,0,1,1,1,"26,688"
,,Youngstown,1,0,1,0,0,0,0,0,1,1,"64,271"
,,Zanesville,2,0,3,2,0,0,1,3,2,1,"25,371"
,Universities and Colleges,,5,4,1,0,1,0,,,,,
,,Bowling Green State University,2,1,1,0,0,0,2,0,2,0,"20,395"
,,Notre Dame College,1,0,0,0,0,0,1,0,0,0,"2,296"
,,"Ohio State University, Columbus",2,3,0,0,1,0,0,1,1,4,"64,723"
,Metropolitan Counties,,12,3,3,1,0,0,,,,,
,,Clark,1,0,0,0,0,0,0,1,0,0,
,,Clermont,1,0,0,0,0,0,0,0,1,0,
,,Cuyahoga,1,0,0,0,0,0,0,0,1,0,
,,Fairfield,0,0,0,1,0,0,0,1,0,0,
,,Greene,1,0,0,0,0,0,1,0,0,0,
,,Hocking,0,0,1,0,0,0,1,0,0,0,
,,Licking,0,1,0,0,0,0,1,,,,
,,Lorain,1,0,0,0,0,0,0,1,0,0,
,,Montgomery,1,0,2,0,0,0,1,2,0,0,
,,Stark,3,0,0,0,0,0,1,0,0,2,
,,Summit,2,0,0,0,0,0,0,0,1,1,
,,Trumbull,1,0,0,0,0,0,0,1,0,0,
,,Warren,0,2,0,0,0,0,1,0,1,0,
,Nonmetropolitan Counties,,10,4,2,0,0,0,,,,,
,,Hardin,0,1,0,0,0,0,1,0,0,0,
,,Logan,1,0,0,0,0,0,0,0,0,1,
,,Morgan,1,0,0,0,0,0,0,0,1,0,
,,Pike,1,0,0,0,0,0,0,1,0,0,
,,Preble,0,0,1,0,0,0,0,0,1,0,
,,Ross,4,2,0,0,0,0,2,0,2,2,
,,Van Wert,1,0,0,0,0,0,0,1,0,0,
,,Vinton,2,0,0,0,0,0,0,1,0,1,
,,Washington,0,0,1,0,0,0,0,0,0,1,
,,Wayne,0,1,0,0,0,0,0,0,0,1,
,State Police Agencies,,1,0,0,0,0,0,,,,,
,,Ohio State Highway Patrol,1,0,0,0,0,0,0,0,0,1,
,Other Agencies,,3,0,0,0,0,0,,,,,
,,Cleveland Metropolitan Park District,1,0,0,0,0,0,0,0,0,1,
,,Greater Cleveland Regional Transit Authority,1,0,0,0,0,0,0,0,1,0,
,,Ohio Department of Natural Resources,1,0,0,0,0,0,0,0,1,0,
Oklahoma,Total,,16,1,3,0,0,0,,,,,
,Cities,,9,1,3,0,0,0,,,,,
,,Cushing,0,1,0,0,0,0,0,0,0,1,"7,687"
,,Enid,2,0,0,0,0,0,0,0,2,0,"50,214"
,,Jay,1,0,0,0,0,0,0,1,0,0,"2,532"
,,Maud,0,0,1,0,0,0,1,0,0,0,706
,,Muskogee,1,0,1,0,0,0,1,0,1,0,"37,659"
,,Norman,1,0,0,0,0,0,0,0,0,1,"124,577"
,,North Enid,0,0,1,0,0,0,0,0,1,0,928
,,Oklahoma City,1,0,0,0,0,0,0,0,1,0,"526,630"
,,Owasso,1,0,0,0,0,0,0,0,0,1,"34,036"
,,Tulsa,1,0,0,0,0,0,0,0,1,0,"397,021"
,,Woodward,1,0,0,0,0,0,0,0,1,0,"12,323"
,Metropolitan Counties,,4,0,0,0,0,0,,,,,
,,Logan,1,0,0,0,0,0,0,0,1,0,
,,Okmulgee,1,0,0,0,0,0,1,0,0,0,
,,Rogers,2,0,0,0,0,0,0,0,1,1,
,Nonmetropolitan Counties,,3,0,0,0,0,0,,,,,
,,Cherokee,1,0,0,0,0,0,0,0,0,1,
,,Kingfisher,1,0,0,0,0,0,0,0,0,1,
,,Okfuskee,1,0,0,0,0,0,0,1,0,0,
Oregon,Total,,71,16,23,2,0,8,,,,,
,Cities,,56,14,18,2,0,8,,,,,
,,Albany,1,0,0,0,0,0,0,1,0,0,"46,472"
,,Ashland,0,0,1,0,0,0,0,0,0,1,"21,269"
,,Astoria,2,0,0,0,0,0,0,2,0,0,"9,918"
,,Baker City,2,0,0,0,0,0,1,0,1,0,"9,779"
,,Bend,1,0,0,0,0,0,0,1,0,0,"97,403"
,,Corvallis,1,0,0,0,0,0,1,0,0,0,"58,491"
,,Eugene,18,7,9,1,0,4,11,15,6,7,"170,771"
,,Grants Pass,1,0,0,0,0,0,0,0,0,1,"37,814"
,,Hermiston,1,0,0,0,0,0,1,0,0,0,"17,517"
,,Hillsboro,3,1,1,0,0,0,2,1,0,2,"109,121"
,,Klamath Falls,2,0,0,1,0,0,1,1,0,1,"22,242"
,,McMinnville,1,0,0,0,0,0,0,0,0,1,"34,669"
,,Medford,0,1,0,0,0,0,0,1,0,0,"82,800"
,,Milwaukie,2,0,0,0,0,1,0,0,3,0,"20,873"
,,Newberg-Dundee,1,0,0,0,0,0,1,0,0,0,"27,122"
,,North Bend,1,0,0,0,0,0,0,1,0,0,"9,705"
,,Oregon City3,3,1,0,0,0,0,0,0,3,0,"36,918"
,,Portland,8,0,4,0,0,3,2,3,8,2,"654,636"
,,Reedsport,1,0,0,0,0,0,0,0,0,1,"4,117"
,,Salem,3,0,2,0,0,0,2,2,1,0,"144,501"
,,Springfield,2,0,0,0,0,0,0,1,1,0,"62,786"
,,Tigard,1,1,1,0,0,0,1,0,1,1,"53,880"
,,West Linn,1,2,0,0,0,0,0,1,1,1,"26,934"
,,Woodburn,0,1,0,0,0,0,1,0,0,0,"26,031"
,Universities and Colleges,,1,1,0,0,0,0,,,,,
,,Portland State University,1,1,0,0,0,0,0,0,1,1,"36,762"
,Metropolitan Counties,,13,1,4,0,0,0,,,,,
,,Clackamas3,5,0,1,0,0,0,2,1,1,1,
,,Jackson,1,0,0,0,0,0,0,0,0,1,
,,Lane,0,0,1,0,0,0,0,0,0,1,
,,Linn,2,0,0,0,0,0,0,1,1,0,
,,Washington,5,0,2,0,0,0,0,3,2,2,
,,Yamhill,0,1,0,0,0,0,1,0,0,0,
,Nonmetropolitan Counties,,1,0,1,0,0,0,,,,,
,,Morrow,1,0,0,0,0,0,0,1,0,0,
,,Wasco,0,0,1,0,0,0,1,0,0,0,
Pennsylvania,Total,,43,19,5,0,0,0,,,,,
,Cities,,37,18,4,0,0,0,,,,,
,,Bethlehem,1,0,0,0,0,0,1,0,0,0,"55,878"
,,Horsham Township,0,1,0,0,0,0,0,0,0,1,"26,615"
,,Northern York County Regional,1,0,0,0,0,0,0,1,0,0,"69,814"
,,Old Lycoming Township,0,0,1,0,0,0,0,0,1,0,"4,927"
,,Philadelphia,24,14,3,0,0,0,8,6,5,22,"1,586,916"
,,Pittsburgh,7,2,0,0,0,0,0,2,3,4,"302,544"
,,State College,1,0,0,0,0,0,1,0,0,0,"58,781"
,,"Washington Township, Franklin County",2,1,0,0,0,0,0,2,0,1,"14,671"
,,Watsontown,1,0,0,0,0,0,1,0,0,0,"2,275"
,Universities and Colleges,,4,1,1,0,0,0,,,,,
,,California University,0,0,1,0,0,0,0,0,1,0,"9,869"
,,Lehigh University,1,0,0,0,0,0,0,1,0,0,"7,586"
,,"Pennsylvania State University, University Park",2,1,0,0,0,0,0,1,1,0,"50,920"
,,"University of Pittsburgh, Pittsburgh",1,0,0,0,0,0,0,1,0,0,"31,947"
,State Police Agencies,,2,0,0,0,0,0,,,,,
,,Snyder County,1,0,0,0,0,0,0,0,1,0,
,,York County,1,0,0,0,0,0,1,0,0,0,
Rhode Island,Total,,6,3,4,0,0,0,,,,,
,Cities,,5,3,4,0,0,0,,,,,
,,Coventry,1,0,0,0,0,0,1,0,0,0,"34,814"
,,Cumberland,1,0,0,0,0,0,0,1,0,0,"35,018"
,,Johnston,0,0,1,0,0,0,1,0,0,0,"29,317"
,,Newport,0,0,1,0,0,0,0,1,0,0,"24,863"
,,North Kingstown,0,1,0,0,0,0,0,0,0,1,"26,101"
,,Pawtucket,1,0,0,0,0,0,0,1,0,0,"71,892"
,,Providence,2,2,1,0,0,0,0,1,2,2,"180,169"
,,South Kingstown,0,0,1,0,0,0,0,1,0,0,"30,816"
,State Police Agencies,,1,0,0,0,0,0,,,,,
,,"State Police, Hope Valley",1,0,0,0,0,0,0,1,0,0,
South Carolina,Total,,67,28,8,2,0,6,,,,,
,Cities,,40,7,6,2,0,0,,,,,
,,Beaufort,1,0,0,0,0,0,0,1,0,0,"13,920"
,,Blacksburg,0,0,1,0,0,0,0,0,0,1,"1,899"
,,Bluffton,0,1,0,0,0,0,0,0,0,1,"22,578"
,,Calhoun Falls,5,0,0,1,0,0,0,1,2,3,"1,925"
,,Cayce,1,0,0,0,0,0,0,1,0,0,"13,481"
,,Chapin,1,0,0,0,0,0,0,0,1,0,"1,629"
,,Conway,0,1,1,0,0,0,0,1,1,0,"24,784"
,,Duncan,0,0,1,0,0,0,0,0,1,0,"3,480"
,,Easley,1,0,0,0,0,0,0,0,1,0,"21,144"
,,Elloree,4,0,0,0,0,0,0,1,0,3,652
,,Estill,0,0,1,0,0,0,0,0,1,0,"1,807"
,,Forest Acres,1,0,0,0,0,0,0,1,0,0,"10,375"
,,Georgetown,1,1,0,0,0,0,0,0,1,1,"8,819"
,,Greenville,1,0,0,0,0,0,1,0,0,0,"69,608"
,,Greer,2,0,0,0,0,0,1,0,1,0,"23,691"
,,Hartsville,1,1,0,0,0,0,2,0,0,0,"7,608"
,,Holly Hill,1,0,0,0,0,0,0,1,0,0,"1,190"
,,Inman,1,0,0,0,0,0,0,0,0,1,"2,341"
,,Lane,0,0,0,1,0,0,1,0,,0,456
,,Manning,1,0,0,0,0,0,0,0,1,0,"3,958"
,,Myrtle Beach,1,0,0,0,0,0,0,0,0,1,"33,687"
,,North Charleston,2,0,0,0,0,0,0,1,0,1,"90,159"
,,Pickens,1,0,0,0,0,0,0,0,0,1,"3,170"
,,Rock Hill,3,1,0,0,0,0,1,1,1,1,"74,049"
,,South Congaree,1,0,1,0,0,0,0,2,0,0,"2,466"
,,Springfield,2,0,0,0,0,0,0,0,0,2,488
,,Summerville,1,2,0,0,0,0,0,0,1,2,"45,656"
,,Winnsboro,5,0,0,0,0,0,1,0,2,2,"3,197"
,,Yemassee,0,0,1,0,0,0,0,0,0,1,825
,,York,2,0,0,0,0,0,0,1,1,0,"8,203"
,Universities and Colleges,,4,0,0,0,0,0,,,,,
,,Benedict College,3,0,0,0,0,0,1,1,1,0,"2,552"
,,Medical University of South Carolina,1,0,0,0,0,0,0,0,0,1,"3,454"
,Metropolitan Counties,,16,6,1,0,0,1,,,,,
,,Anderson,0,1,0,0,0,0,0,0,1,0,
,,Beaufort,1,1,1,0,0,0,1,0,1,1,
,,Calhoun,1,0,0,0,0,0,0,0,1,0,
,,Charleston,4,0,0,0,0,0,1,0,1,2,
,,Fairfield,0,0,0,0,0,1,0,0,0,1,
,,Florence,3,0,0,0,0,0,2,0,0,1,
,,Horry County Police Department,1,0,0,0,0,0,0,0,0,1,
,,Kershaw,1,1,0,0,0,0,1,0,0,1,
,,Laurens,2,0,0,0,0,0,0,1,1,0,
,,Pickens,3,3,0,0,0,0,0,0,2,4,
,Nonmetropolitan Counties,,6,15,1,0,0,5,,,,,
,,Bamberg,0,7,0,0,0,0,1,3,3,0,
,,Cherokee,0,1,0,0,0,0,1,0,0,0,
,,Colleton,2,1,0,0,0,0,0,3,0,0,
,,Dillon,1,0,0,0,0,0,0,0,1,0,
,,Georgetown,0,0,1,0,0,1,0,1,0,1,
,,Greenwood,1,2,0,0,0,4,2,2,1,2,
,,Hampton,1,0,0,0,0,0,0,0,1,0,
,,Marlboro,1,0,0,0,0,0,0,1,0,0,
,,Oconee,0,4,0,0,0,0,0,2,0,2,
,Other Agencies,,1,0,0,0,0,0,,,,,
,,Lexington County Medical Center,1,0,0,0,0,0,0,0,0,1,
South Dakota,Total,,17,0,3,0,0,0,,,,,
,Cities,,13,0,2,0,0,0,,,,,
,,Box Elder,1,0,0,0,0,0,1,0,0,0,"6,508"
,,Brookings,1,0,1,0,0,0,0,0,0,2,"24,206"
,,Flandreau,2,0,0,0,0,0,0,1,0,1,"2,332"
,,Huron,1,0,0,0,0,0,0,1,0,0,"13,193"
,,Rapid City,1,0,0,0,0,0,1,0,0,0,"75,290"
,,Sioux Falls,5,0,1,0,0,0,1,1,2,2,"152,374"
,,Vermillion,1,0,0,0,0,0,0,0,1,0,"10,804"
,,Watertown,1,0,0,0,0,0,0,0,0,1,"22,323"
,Metropolitan Counties,,2,0,0,0,0,0,,,,,
,,Meade,1,0,0,0,0,0,0,0,1,0,
,,Turner,1,0,0,0,0,0,0,0,1,0,
,Nonmetropolitan Counties,,2,0,1,0,0,0,,,,,
,,Brookings,1,0,0,0,0,0,0,1,0,0,
,,Custer,0,0,1,0,0,0,0,1,0,0,
,,Jones,1,0,0,0,0,0,0,0,0,1,
Tennessee,Total,,100,26,29,13,2,4,0,,,,
,Cities,,60,15,21,8,0,4,,,,,
,,Alcoa,1,2,0,0,0,0,0,0,1,2,"10,506"
,,Algood,0,0,0,1,0,0,0,1,0,0,"4,517"
,,Bartlett3,3,1,0,0,0,0,1,0,2,0,"59,407"
,,Brighton,1,0,0,0,0,0,0,1,0,0,"2,910"
,,Chattanooga,4,3,1,1,0,1,0,1,5,4,"180,397"
,,Clarksville,4,0,0,0,0,0,0,3,0,1,"156,264"
,,Cleveland,3,0,1,0,0,0,1,1,0,2,"44,954"
,,Clifton,0,1,0,0,0,0,1,0,0,0,"2,676"
,,Clinton,1,0,0,0,0,0,0,0,1,0,"10,137"
,,Covington,0,0,0,1,0,0,0,0,1,0,"8,794"
,,Crossville,1,0,0,0,0,0,0,0,1,0,"11,535"
,,Dandridge,0,0,1,0,0,0,0,0,1,0,"2,981"
,,Dover,0,1,0,0,0,0,1,0,0,0,"1,461"
,,Dyersburg,0,0,2,0,0,0,0,0,0,2,"16,382"
,,Elizabethton,2,0,1,0,0,0,1,0,0,2,"13,657"
,,Franklin,0,2,2,0,0,0,1,2,0,1,"80,825"
,,Germantown,1,0,0,0,0,0,0,0,1,0,"39,179"
,,Greenbrier,0,0,0,0,0,1,0,1,0,0,"6,899"
,,Greeneville,2,0,0,1,0,0,0,0,3,0,"14,867"
,,Hendersonville,1,0,0,0,0,0,0,0,1,0,"58,437"
,,Jackson,1,0,0,0,0,0,1,0,0,0,"66,848"
,,Kingsport,2,0,0,0,0,0,0,0,0,2,"50,565"
,,Knoxville,4,2,3,1,0,0,5,3,1,1,"188,653"
,,Lebanon,5,0,0,0,0,0,1,1,3,0,"33,181"
,,Maryville,2,0,0,0,0,0,0,2,0,0,"28,961"
,,McMinnville,1,0,0,0,0,0,1,0,0,0,"13,668"
,,Memphis,3,0,3,0,0,0,0,2,2,2,"652,226"
,,Metropolitan Nashville Police Department,3,0,0,0,0,2,3,0,1,1,"686,492"
,,Millington,3,0,0,2,0,0,2,0,2,1,"11,016"
,,Morristown,1,0,1,0,0,0,0,1,1,0,"29,859"
,,Mount Juliet,1,1,0,0,0,0,0,0,1,1,"36,397"
,,Munford,1,0,0,0,0,0,0,1,0,0,"6,090"
,,Murfreesboro,2,0,3,0,0,0,0,1,1,3,"140,702"
,,Oak Ridge,2,0,1,0,0,0,0,1,0,2,"26,053"
,,Pigeon Forge,1,0,0,0,0,0,0,0,0,1,"6,291"
,,Ripley,0,1,0,0,0,0,0,1,0,0,"7,977"
,,Sevierville,0,0,1,0,0,0,0,1,0,0,"16,999"
,,Shelbyville,0,0,1,0,0,0,1,0,0,0,"21,708"
,,Springfield,0,1,0,0,0,0,0,1,0,0,"16,896"
,,Spring Hill,3,0,0,0,0,0,0,2,1,0,"31,100"
,,Trenton,1,0,0,0,0,0,1,0,0,0,"4,043"
,,Whitwell,0,0,0,1,0,0,1,0,0,0,"1,706"
,Universities and Colleges,,2,0,1,0,0,0,,,,,
,,Tennessee State University,0,0,1,0,0,0,0,0,0,1,"9,820"
,,Vanderbilt University,2,0,0,0,0,0,1,0,1,0,"13,397"
,Metropolitan Counties,,23,7,4,4,1,0,,,,,
,,Blount,1,0,2,0,0,0,0,0,3,0,
,,Bradley,3,1,0,0,0,0,1,1,2,0,
,,Carter,0,0,1,0,0,0,0,0,1,0,
,,Gibson,6,1,0,0,0,0,2,1,2,2,
,,Hamilton,0,2,0,0,0,0,1,1,0,0,
,,Jefferson,0,1,0,0,0,0,0,0,0,1,
,,Maury,1,0,0,0,0,0,0,1,0,0,
,,Montgomery3,1,0,1,0,1,0,0,1,1,0,
,,Robertson,0,1,0,0,0,0,0,0,1,0,
,,Rutherford,1,0,0,0,0,0,0,1,0,0,
,,Shelby,5,0,0,1,0,0,1,2,0,3,
,,Sullivan,1,1,0,3,0,0,0,0,3,2,
,,Washington,3,0,0,0,0,0,0,1,1,1,
,,Williamson,1,0,0,0,0,0,0,1,0,0,
,Nonmetropolitan Counties,,4,2,2,1,0,0,,,,,
,,Benton,0,1,0,0,0,0,1,0,0,0,
,,Hardeman,0,1,0,0,0,0,0,0,0,1,
,,Hickman,0,0,0,1,0,0,0,0,0,1,
,,McMinn,1,0,0,0,0,0,0,1,0,0,
,,Meigs,1,0,1,0,0,0,2,0,0,0,
,,Monroe,1,0,1,0,0,0,0,0,2,0,
,,Sevier,1,0,0,0,0,0,1,0,0,0,
,State Police Agencies,,10,2,1,0,1,0,,,,,
,,Department of Safety3,10,2,1,0,1,0,6,4,1,1,
,Other Agencies,,1,0,0,0,0,0,,,,,
,,Tennessee Bureau of Investigation,1,0,0,0,0,0,0,1,0,0,
Texas,Total,,314,59,50,16,3,15,,,,,
,Cities,,241,50,42,14,3,14,,,,,
,,Abilene,3,2,0,0,0,0,0,1,1,3,"116,805"
,,Addison,0,0,0,0,0,1,0,0,0,1,"15,839"
,,Arlington,8,2,1,0,0,0,0,2,2,7,"400,920"
,,Austin,13,0,4,1,0,1,7,5,4,3,"919,709"
,,Balch Springs,1,0,0,0,0,0,0,1,0,0,"25,565"
,,Bellmead,1,0,0,0,0,0,0,0,1,0,"10,587"
,,Blanco,1,0,0,0,0,0,,0,1,0,"2,062"
,,Borger,1,0,0,0,0,0,1,0,0,0,"12,675"
,,Breckenridge,1,0,0,0,0,0,0,1,0,0,"5,396"
,,Brenham,3,1,1,0,0,0,0,2,1,2,"17,116"
,,Bridgeport,0,0,1,0,0,0,1,0,0,0,"6,691"
,,Brownsville,1,0,0,0,0,0,0,0,1,0,"184,461"
,,Brownwood,1,0,0,0,0,0,0,0,1,0,"18,772"
,,Burleson,1,0,0,0,0,0,1,0,0,0,"37,451"
,,Canyon,1,1,0,0,0,0,0,0,1,1,"15,608"
,,Carrollton,1,0,0,0,0,0,0,0,0,1,"81,238"
,,Carthage,1,0,0,0,0,0,0,0,0,1,"6,555"
,,Cedar Park,2,0,0,3,0,0,0,0,0,5,"70,496"
,,Cisco,0,0,0,0,1,0,0,0,1,0,"3,789"
,,Conroe,0,1,0,0,0,0,0,0,0,1,"87,544"
,,Corpus Christi,1,0,0,0,0,0,0,1,0,0,"328,614"
,,Dallas,15,4,7,2,0,3,1,3,14,13,"1,278,345"
,,Dayton,0,1,0,0,0,0,0,1,0,0,"8,070"
,,Decatur,9,0,0,0,0,0,4,2,2,1,"6,826"
,,Del Rio,0,0,1,0,0,0,0,1,0,0,"36,007"
,,Denton,3,0,1,0,0,0,2,1,1,0,"139,262"
,,DeSoto,0,0,1,0,0,0,0,1,0,0,"54,201"
,,Dumas,8,1,0,0,0,0,4,3,1,1,"14,790"
,,El Campo,2,0,0,0,0,0,0,0,0,2,"11,764"
,,Elgin,1,0,0,0,0,0,0,1,0,0,"8,874"
,,El Paso,0,1,1,0,0,0,1,1,0,0,"688,442"
,,Ennis,6,1,0,0,0,1,2,0,3,3,"19,367"
,,Ferris,1,0,0,0,0,0,0,1,0,0,"2,649"
,,Fort Worth3,18,2,5,1,0,0,5,13,6,0,"884,233"
,,Freeport,13,0,0,1,0,0,5,2,7,0,"12,185"
,,Frisco,0,0,1,0,0,0,0,0,0,1,"115,650"
,,Garland,1,0,0,0,0,0,0,0,0,1,"239,220"
,,Georgetown,1,0,0,0,0,0,0,1,0,0,"74,709"
,,Gladewater,1,0,0,0,0,0,0,0,0,1,"3,847"
,,Graham,2,0,0,0,0,0,1,0,1,0,"8,656"
,,Grand Prairie,3,0,0,1,0,0,1,2,0,1,"135,214"
,,Hamilton,1,0,0,0,0,0,,1,0,0,"2,994"
,,Harlingen,2,1,0,0,0,0,0,0,1,2,"65,525"
,,Hedwig Village,1,0,0,0,0,0,0,0,1,0,"2,685"
,,Henderson,3,1,0,0,0,0,0,2,0,2,"13,241"
,,Highland Village,0,0,1,0,0,0,0,0,0,1,"16,805"
,,Hillsboro,3,0,0,0,0,0,0,0,3,0,"8,422"
,,Horseshoe Bay,0,1,0,0,0,0,1,0,0,0,"3,097"
,,Houston,13,4,6,0,0,2,10,3,9,3,"2,296,862"
,,Iowa Park,1,0,0,0,0,0,0,0,1,0,"6,352"
,,Jacksonville,2,0,0,0,0,0,1,0,1,0,"14,960"
,,Katy,2,0,0,0,0,0,0,1,0,1,"14,964"
,,Keller,0,0,1,0,0,0,0,1,0,0,"48,439"
,,Kyle,1,0,1,0,0,0,,1,1,0,"46,155"
,,Lampasas,1,0,0,0,0,0,1,0,0,0,"7,992"
,,League City,2,0,0,0,0,0,0,0,2,0,"106,264"
,,Leander,0,0,0,1,0,0,0,0,0,1,"51,602"
,,Levelland,1,0,0,0,0,0,0,0,1,0,"13,646"
,,Livingston,0,1,0,0,0,0,0,1,0,0,"5,128"
,,Longview,2,0,0,0,0,1,1,1,1,0,"79,705"
,,Lubbock,4,1,2,0,0,0,0,0,5,2,"257,372"
,,Lyford,1,0,0,0,0,0,1,0,0,0,"2,546"
,,Manor,1,0,0,0,0,0,1,0,0,0,"10,102"
,,Mesquite,1,0,0,0,0,0,0,0,0,1,"144,425"
,,Mineral Wells,0,2,0,0,0,0,1,0,0,1,"14,572"
,,Mont Belvieu,4,0,0,0,0,0,3,0,0,1,"6,301"
,,Nacogdoches,2,0,0,0,0,0,0,0,2,0,"33,703"
,,New Braunfels,2,1,0,1,0,0,1,1,2,0,"68,300"
,,North Richland Hills,2,0,0,0,0,1,1,0,0,2,"71,498"
,,Oak Ridge North,4,0,0,0,0,0,1,1,2,0,"3,143"
,,Odessa,6,2,1,0,0,0,0,3,5,1,"117,453"
,,Orange,7,1,0,0,0,0,1,3,3,1,"19,137"
,,Palestine,2,0,0,0,0,0,0,0,2,0,"18,238"
,,Pampa,0,0,1,0,0,1,1,1,0,0,"17,412"
,,Pearland,1,0,1,0,0,0,0,1,1,0,"117,846"
,,Pflugerville,6,0,1,0,1,1,2,4,2,1,"65,556"
,,Plainview,12,9,0,2,0,2,6,6,6,7,"20,569"
,,Port Isabel,2,0,0,0,0,0,2,0,0,0,"5,064"
,,Rockwall,0,1,0,0,0,0,0,1,0,0,"45,183"
,,Rosenberg,2,0,1,0,0,0,0,2,0,1,"38,541"
,,Rusk,2,0,0,0,0,0,0,0,1,1,"5,539"
,,San Antonio,3,2,1,0,0,0,1,2,1,2,"1,539,300"
,,Sanger,1,0,0,0,0,0,0,1,0,0,"8,457"
,,San Juan,1,0,0,0,0,0,0,0,1,0,"37,398"
,,San Saba,0,1,0,0,0,0,1,0,0,0,"3,059"
,,Seven Points,1,0,0,0,0,0,1,0,0,0,"1,424"
,,Silsbee,2,1,0,0,0,0,0,1,2,0,"6,734"
,,Stafford,0,1,0,0,1,0,1,1,0,0,"18,079"
,,Sweetwater,1,0,0,0,0,0,1,0,0,0,"10,530"
,,Teague,1,0,0,0,0,0,,0,0,1,"3,498"
,,Temple,3,0,0,0,0,0,0,0,2,1,"75,706"
,,Tyler,1,0,0,0,0,0,0,1,0,0,"106,159"
,,Victoria,1,0,0,1,0,0,1,0,0,1,"67,766"
,,Vidor,1,1,0,0,0,0,0,1,0,1,"10,875"
,,Waco3,1,2,1,0,0,0,0,1,2,0,"138,091"
,,Watauga,1,0,0,0,0,0,0,0,0,1,"24,757"
,,Wichita Falls,2,0,0,0,0,0,0,0,2,0,"104,738"
,Universities and Colleges,,5,0,2,1,0,0,,,,,
,,Angelo State University,1,0,1,0,0,0,1,0,1,0,"11,025"
,,Stephen F. Austin State University,1,0,0,0,0,0,0,0,0,1,"14,493"
,,"University of Houston, Central Campus",2,0,0,0,0,0,1,1,0,0,"50,293"
,,University of Texas:,,,,,,,,,,,
,,Arlington,0,0,1,0,0,0,0,0,0,1,"59,019"
,,Houston,1,0,0,1,0,0,1,0,0,1,"6,634"
,Metropolitan Counties,,55,4,5,1,0,0,,,,,
,,Brazoria,0,0,1,0,0,0,0,0,0,1,
,,Chambers,0,0,1,0,0,0,0,1,0,0,
,,Fort Bend,2,0,0,0,0,0,,2,0,0,
,,Hudspeth,48,0,0,0,0,0,0,14,14,20,
,,Liberty,2,0,0,0,0,0,0,1,0,1,
,,Lubbock,1,0,0,0,0,0,1,0,0,0,
,,Parker,0,1,1,0,0,0,1,0,0,1,
,,Potter,1,1,1,0,0,0,0,1,0,2,
,,Smith,1,0,0,0,0,0,0,0,1,0,
,,Travis,0,1,1,0,0,0,0,2,0,0,
,,Williamson,0,0,0,1,0,0,0,0,0,1,
,,Wise,0,1,0,0,0,0,0,0,1,0,
,Nonmetropolitan Counties,,12,4,1,0,0,0,,,,,
,,Bee,2,0,0,0,0,0,0,1,1,0,
,,Cherokee,3,1,0,0,0,0,2,0,1,1,
,,Deaf Smith,1,0,0,0,0,0,,0,0,1,
,,Delta,1,0,0,0,0,0,0,0,1,0,
,,Erath,0,0,1,0,0,0,0,0,1,0,
,,Floyd,2,0,0,0,0,0,1,1,0,0,
,,Houston,2,1,0,0,0,0,1,0,1,1,
,,Navarro,0,1,0,0,0,0,1,0,0,0,
,,Ward,1,0,0,0,0,0,0,0,0,1,
,,Washington,0,1,0,0,0,0,0,1,0,0,
,Other Agencies,,1,1,0,0,0,1,,,,,
,,Independent School District:  ,,,,,,,,,,,
,,Calhoun County,0,1,0,0,0,0,1,0,0,0,
,,Pflugerville,0,0,0,0,0,1,0,0,0,1,
,,Spring Branch,1,0,0,0,0,0,0,1,0,0,
Utah,Total,,20,7,4,1,0,1,,,,,
,Cities,,18,4,4,1,0,0,,,,,
,,Bountiful,0,0,1,0,0,0,1,0,0,0,"44,317"
,,Clearfield,1,0,0,0,0,0,0,0,1,0,"31,558"
,,Draper,1,0,0,0,0,0,0,0,0,1,"46,257"
,,Farmington,0,1,0,0,0,0,0,0,0,1,"25,006"
,,Hurricane,0,1,0,0,0,0,1,0,0,0,"17,676"
,,Layton,3,0,0,1,0,0,2,0,1,1,"78,052"
,,Price,4,1,0,0,0,0,2,0,3,0,"8,201"
,,Salt Lake City,2,0,2,0,0,0,0,1,2,1,"202,633"
,,Saratoga Springs,1,0,0,0,0,0,0,0,1,0,"31,786"
,,South Salt Lake,1,0,0,0,0,0,0,1,0,0,"25,160"
,,St. George,1,0,0,0,0,0,0,1,0,0,"86,202"
,,Vernal,1,1,0,0,0,0,0,0,0,2,"10,484"
,,Washington,1,0,0,0,0,0,0,0,1,0,"27,705"
,,West Bountiful,1,0,1,0,0,0,0,0,0,2,"5,705"
,,Woods Cross,1,0,0,0,0,0,0,0,0,1,"11,600"
,Nonmetropolitan Counties,,0,1,0,0,0,0,,,,,
,,Wayne,0,1,0,0,0,0,0,1,0,0,
,State Police Agencies,,1,0,0,0,0,0,,,,,
,,Utah Highway Patrol,1,0,0,0,0,0,0,0,1,0,
,Other Agencies,,1,2,0,0,0,1,,,,,
,,Utah Transit Authority,1,2,0,0,0,1,3,0,0,1,
Vermont,Total,,30,11,3,1,0,0,,,,,
,Cities,,25,8,1,1,0,0,,,,,
,,Barre,1,0,0,0,0,0,0,0,0,1,"8,605"
,,Barre Town,1,0,0,0,0,0,0,1,0,0,"7,693"
,,Bellows Falls,0,0,1,0,0,0,0,1,0,0,"2,993"
,,Brandon,1,0,0,0,0,0,0,1,0,0,"3,766"
,,Brattleboro,1,2,0,0,0,0,0,0,2,1,"11,410"
,,Burlington,7,1,0,0,0,0,5,1,1,1,"42,212"
,,Essex,1,0,0,0,0,0,0,0,1,0,"21,803"
,,Hartford,1,0,0,0,0,0,0,1,0,0,"9,567"
,,Lyndonville,1,0,0,0,0,0,1,0,0,0,"1,157"
,,Milton,0,0,0,1,0,0,0,0,1,0,"11,024"
,,Montpelier,1,0,0,0,0,0,0,0,0,1,"7,434"
,,Morristown,1,1,0,0,0,0,0,1,1,0,"5,450"
,,South Burlington,1,2,0,0,0,0,2,0,1,0,"19,318"
,,Springfield,1,0,0,0,0,0,1,0,0,0,"8,864"
,,St. Albans,1,0,0,0,0,0,0,0,0,1,"6,777"
,,St. Johnsbury,1,0,0,0,0,0,0,1,0,0,"7,158"
,,Stowe,1,0,0,0,0,0,0,1,0,0,"4,495"
,,Swanton,0,1,0,0,0,0,0,1,0,0,"6,560"
,,Williston,1,1,0,0,0,0,1,0,1,0,"9,778"
,,Winhall,3,0,0,0,0,0,0,0,3,0,730
,Universities and Colleges,,1,2,1,0,0,0,,,,,
,,University of Vermont,1,2,1,0,0,0,4,0,0,0,"15,069"
,Metropolitan Counties,,1,0,0,0,0,0,,,,,
,,Chittenden,1,0,0,0,0,0,0,1,0,0,
,Nonmetropolitan Counties,,1,0,0,0,0,0,,,,,
,,Windham,1,0,0,0,0,0,0,0,1,0,
,State Police Agencies,,2,1,1,0,0,0,,,,,
,,State Police:  ,,,,,,,,,,,
,,Middlesex,0,0,1,0,0,0,0,0,1,0,
,,Rutland,1,0,0,0,0,0,0,0,1,0,
,,Shaftsbury,0,1,0,0,0,0,0,0,1,0,
,,Vermont State Police Headquarters Bureau of Criminal Investigations,1,0,0,0,0,0,0,1,0,0,
Virginia,Total,,85,25,23,9,1,0,,,,,
,Cities,,20,4,3,2,0,0,,,,,
,,Alexandria,2,0,0,0,0,0,0,1,0,1,"162,588"
,,Bristol,0,1,0,0,0,0,0,0,0,1,"16,613"
,,Charlottesville,4,1,0,0,0,0,1,0,3,1,"48,585"
,,Chesapeake,2,0,0,0,0,0,0,0,0,2,"242,310"
,,Fairfax City,1,0,0,0,0,0,1,0,0,0,"24,259"
,,Falls Church,1,0,0,0,0,0,0,0,0,1,"14,884"
,,Front Royal,0,0,1,0,0,0,0,1,0,0,"15,356"
,,Hampton,1,0,1,1,0,0,0,1,1,1,"133,965"
,,Middleburg,1,0,0,0,0,0,0,0,0,1,879
,,Newport News,4,0,1,0,0,0,2,0,1,2,"178,734"
,,Orange,1,0,0,0,0,0,1,0,0,0,"5,016"
,,Petersburg,0,0,0,1,0,0,0,0,0,1,"31,568"
,,Suffolk,1,0,0,0,0,0,0,0,1,0,"90,817"
,,Vienna,1,0,0,0,0,0,1,0,0,0,"16,660"
,,Virginia Beach,1,1,0,0,0,0,0,0,1,1,"451,001"
,,Williamsburg,0,1,0,0,0,0,0,0,0,1,"15,191"
,Universities and Colleges,,6,2,2,2,0,0,,,,,
,,George Mason University,2,0,0,0,0,0,1,0,0,1,"46,266"
,,Northern Virginia Community College,2,1,0,0,0,0,0,0,2,1,"74,283"
,,Old Dominion University,0,0,2,0,0,0,0,1,1,0,"28,758"
,,University of Mary Washington,0,0,0,1,0,0,0,0,0,1,"5,276"
,,University of Virginia,1,1,0,1,0,0,0,2,1,0,"27,960"
,,Virginia Commonwealth University,1,0,0,0,0,0,0,0,0,1,"34,271"
,Metropolitan Counties,,58,18,15,3,1,0,,,,,
,,Albemarle County Police Department,1,0,0,1,0,0,0,0,0,2,
,,Arlington County Police Department,4,0,1,0,0,0,2,0,1,2,
,,Bedford,1,0,0,2,0,0,0,0,0,3,
,,Campbell,1,0,0,0,0,0,0,0,1,0,
,,Chesterfield County Police Department,4,3,0,0,0,0,3,2,1,1,
,,Dinwiddie,2,1,0,0,0,0,2,0,0,1,
,,Fairfax County Police Department,16,5,5,0,0,0,3,4,11,8,
,,Fluvanna,1,0,0,0,0,0,1,0,0,0,
,,Franklin,1,0,0,0,0,0,0,0,1,0,
,,Frederick,0,0,1,0,0,0,0,1,0,0,
,,Giles,1,0,0,0,0,0,0,0,1,0,
,,Gloucester,1,0,1,0,0,0,1,0,0,1,
,,Henrico County Police Department,2,0,0,0,0,0,0,1,1,0,
,,King William,0,0,0,0,1,0,1,0,0,0,
,,Loudoun,13,6,1,0,0,0,8,3,1,8,
,,Nelson,1,0,0,0,0,0,0,1,0,0,
,,Prince William County Police Department,5,2,0,0,0,0,3,2,0,2,
,,Pulaski,0,0,1,0,0,0,0,0,1,0,
,,Roanoke County Police Department,1,0,0,0,0,0,0,1,0,0,
,,Rockingham,0,0,2,0,0,0,0,1,1,0,
,,Southampton,0,0,1,0,0,0,0,0,1,0,
,,Spotsylvania,2,1,0,0,0,0,0,0,1,2,
,,Stafford,1,0,1,0,0,0,0,1,1,0,
,,York,0,0,1,0,0,0,0,0,1,0,
,Nonmetropolitan Counties,,1,1,1,0,0,0,,,,,
,,Accomack,1,0,0,0,0,0,1,0,0,0,
,,Page,0,1,0,0,0,0,1,0,0,0,
,,Surry,0,0,1,0,0,0,0,0,1,0,
,State Police Agencies,,0,0,2,2,0,0,,,,,
,,State Police:  ,,,,,,,,,,,
,,Amherst County,0,0,0,1,0,0,0,1,0,0,
,,Fairfax County,0,0,0,1,0,0,0,0,0,1,
,,Virginia Beach,0,0,1,0,0,0,0,0,0,1,
,,Winchester,0,0,1,0,0,0,0,0,0,1,
Washington,Total,,299,72,106,6,5,19,,,,,
,Cities,,270,55,102,6,4,18,,,,,
,,Airway Heights,1,0,0,0,0,0,1,0,0,0,"9,085"
,,Auburn,4,0,0,0,0,0,3,0,0,1,"72,392"
,,Bellevue,3,2,3,0,0,0,2,3,2,1,"146,913"
,,Bellingham,1,4,0,1,0,0,2,2,1,1,"90,208"
,,Bothell,0,0,0,0,0,1,0,1,0,0,"28,325"
,,Castle Rock,0,0,1,0,0,0,0,0,0,1,"2,251"
,,Centralia,2,0,1,0,0,0,0,2,1,0,"17,299"
,,Cheney,1,0,0,0,0,0,0,0,1,0,"12,715"
,,Clarkston,1,0,0,0,0,0,1,0,0,0,"7,417"
,,Dupont,1,0,0,0,0,0,0,0,1,0,"9,678"
,,Edgewood,1,0,0,0,0,0,0,1,0,0,"11,510"
,,Edmonds,2,1,0,0,0,0,2,1,0,0,"42,565"
,,Everett,7,0,0,0,0,0,2,2,1,2,"111,091"
,,Fircrest,1,0,0,0,0,0,0,0,1,0,"6,839"
,,Issaquah,1,0,2,0,0,0,0,3,0,0,"38,606"
,,Kennewick,1,0,0,0,0,0,0,0,0,1,"82,687"
,,Kent,11,3,3,0,0,1,4,5,4,5,"129,870"
,,Kirkland,0,0,0,0,0,1,0,1,0,0,"89,805"
,,Lacey,1,0,0,0,0,0,1,0,0,0,"50,844"
,,Lake Forest Park,1,0,0,0,0,0,1,0,0,0,"13,504"
,,Lake Stevens,1,0,0,0,0,0,0,0,0,1,"33,491"
,,Lakewood,6,0,0,0,0,0,1,2,2,1,"60,694"
,,Longview,3,0,0,0,0,0,1,1,0,1,"37,720"
,,Lynden,1,0,0,0,0,0,0,0,1,0,"14,612"
,,Lynnwood,2,0,0,0,0,0,1,0,0,1,"38,620"
,,Marysville,4,1,0,0,0,0,2,2,0,1,"70,204"
,,Mill Creek,1,0,0,0,0,0,1,0,0,0,"21,234"
,,Monroe,3,0,0,0,0,0,2,0,1,0,"19,003"
,,Morton,0,0,2,0,0,0,1,1,0,0,"1,164"
,,Mountlake Terrace,1,0,0,0,0,0,0,0,1,0,"21,549"
,,Mount Vernon,1,0,0,0,0,0,0,1,0,0,"35,550"
,,Newcastle,1,0,0,0,0,0,0,0,1,0,"11,878"
,,Oak Harbor,2,0,0,0,0,0,0,1,0,1,"23,330"
,,Ocean Shores,0,0,1,0,0,0,0,0,1,0,"5,977"
,,Olympia,1,1,0,0,0,0,0,0,1,1,"52,312"
,,Port Angeles,1,0,0,0,0,0,0,0,1,0,"19,992"
,,Port Townsend,1,0,0,1,0,0,1,0,1,0,"9,615"
,,Pullman,0,0,0,0,1,0,0,1,0,0,"33,896"
,,Puyallup,1,0,0,0,0,0,0,0,1,0,"41,572"
,,Redmond,0,1,0,0,0,0,0,1,0,0,"65,827"
,,Renton,3,0,0,0,0,0,0,2,0,1,"102,749"
,,Sammamish,1,0,0,0,0,0,0,0,0,1,"65,604"
,,SeaTac,0,1,0,0,0,0,0,1,0,0,"29,463"
,,Seattle,159,33,81,4,3,11,57,79,90,64,"742,759"
,,Sedro Woolley,1,0,0,0,0,0,0,0,1,0,"11,953"
,,Spokane,22,3,3,0,0,3,2,10,13,6,"218,222"
,,Spokane Valley,2,0,1,0,0,0,1,0,2,0,"99,020"
,,Tacoma,4,0,1,0,0,0,0,3,1,1,"215,687"
,,Tukwila3,3,3,1,0,0,0,1,1,3,1,"20,288"
,,Tumwater,0,0,0,0,0,1,0,1,0,0,"23,405"
,,Vancouver,1,1,0,0,0,0,0,2,0,0,"177,580"
,,Walla Walla,1,1,0,0,0,0,0,1,0,1,"32,906"
,,Woodland,1,0,0,0,0,0,0,0,1,0,"6,137"
,,Yakima,2,0,2,0,0,0,0,0,1,3,"93,959"
,Universities and Colleges,,1,3,0,0,0,0,,,,,
,,University of Washington,1,0,0,0,0,0,0,0,1,0,"55,073"
,,Western Washington University,0,3,0,0,0,0,3,0,0,0,"17,475"
,Metropolitan Counties,,25,14,3,0,1,0,,,,,
,,Chelan,2,0,0,0,0,0,1,0,0,1,
,,Clark,1,1,0,0,0,0,1,1,0,0,
,,Cowlitz,0,1,0,0,0,0,1,0,0,0,
,,King,6,1,0,0,0,0,1,1,0,5,
,,Pierce,5,3,0,0,0,0,1,4,3,0,
,,Skagit,0,0,1,0,0,0,0,0,0,1,
,,Snohomish,2,5,0,0,0,0,3,1,1,2,
,,Spokane,2,1,2,0,0,0,2,2,0,1,
,,Thurston,1,2,0,0,0,0,0,1,2,0,
,,Walla Walla,0,0,0,0,1,0,0,0,0,1,
,,Whatcom,4,0,0,0,0,0,1,0,0,3,
,,Yakima,2,0,0,0,0,0,1,1,0,0,
,Nonmetropolitan Counties,,3,0,0,0,0,1,,,,,
,,Island,1,0,0,0,0,0,1,0,0,0,
,,Mason,1,0,0,0,0,0,0,0,0,1,
,,Okanogan,1,0,0,0,0,0,0,0,0,1,
,,San Juan,0,0,0,0,0,1,1,0,,,
,Other Agencies,,0,0,1,0,0,0,,,,,
,,Port of Seattle,0,0,1,0,0,0,0,0,0,1,
West Virginia,Total,,28,10,3,1,1,0,,,,,
,Cities,,16,4,2,0,0,0,,,,,
,,Buckhannon,4,0,0,0,0,0,0,0,3,1,"5,516"
,,Charleston,2,4,1,0,0,0,3,1,1,2,"47,470"
,,Fairmont,3,0,0,0,0,0,1,1,1,0,"18,430"
,,Huntington,1,0,0,0,0,0,0,0,0,1,"43,203"
,,Kenova,0,0,1,0,0,0,0,0,0,1,"2,979"
,,Moundsville,1,0,0,0,0,0,1,0,0,0,"8,417"
,,Parkersburg,1,0,0,0,0,0,0,0,0,1,"29,933"
,,Ranson,2,0,0,0,0,0,0,1,0,1,"5,292"
,,Ravenswood,1,0,0,0,0,0,0,1,0,0,"3,720"
,,Vienna,1,0,0,0,0,0,0,0,0,1,"10,306"
,Metropolitan Counties,,3,3,0,1,0,0,,,,,
,,Berkeley,1,3,0,0,0,0,2,0,0,2,
,,Brooke,1,0,0,0,0,0,1,0,0,0,
,,Hancock,0,0,0,1,0,0,1,0,0,0,
,,Marshall,1,0,0,0,0,0,0,1,0,0,
,Nonmetropolitan Counties,,8,2,1,0,1,0,,,,,
,,Lewis,1,1,0,0,1,0,0,0,1,2,
,,Mason,5,0,0,0,0,0,0,2,2,1,
,,McDowell,2,0,0,0,0,0,0,1,0,1,
,,Mercer,0,1,0,0,0,0,0,1,0,0,
,,Pocahontas,0,0,1,0,0,0,0,0,1,0,
,State Police Agencies,,1,1,0,0,0,0,,,,,
,,State Police:  ,,,,,,,,,,,
,,Madison,1,0,0,0,0,0,1,0,0,0,
,,Parkersburg,0,1,0,0,0,0,1,0,0,0,
Wisconsin,Total,,26,8,14,3,0,2,,,,,
,Cities,,12,6,11,2,0,1,,,,,
,,Appleton,0,1,0,0,0,0,1,0,0,0,"62,164"
,,Ashwaubenon,1,0,0,0,0,0,1,0,0,0,"17,316"
,,Beaver Dam,1,0,0,0,0,0,0,0,0,1,"16,394"
,,Fox Valley Metro,0,1,0,0,0,0,0,1,0,0,"22,006"
,,Hudson,0,1,9,0,0,0,10,0,0,0,"13,848"
,,Janesville,2,1,0,0,0,0,2,0,1,0,"64,471"
,,Lake Delton,0,0,1,0,0,0,0,0,0,1,"3,005"
,,Marshall Village,1,0,0,0,0,0,1,0,0,0,"3,988"
,,Mayville,1,0,0,0,0,0,0,1,0,0,"4,862"
,,McFarland,0,0,0,0,0,1,0,1,0,0,"8,544"
,,Merrill,1,0,0,0,0,0,0,0,1,0,"9,091"
,,Milwaukee,2,0,1,0,0,0,0,2,0,1,"595,619"
,,New London,0,1,0,0,0,0,1,0,0,0,"5,465"
,,Phillips,0,0,0,1,0,0,0,1,0,0,"1,345"
,,Seymour,1,0,0,0,0,0,0,0,0,1,"3,460"
,,Sheboygan,0,0,0,1,0,0,0,0,0,1,"48,195"
,,Stevens Point,2,0,0,0,0,0,0,0,0,2,"26,233"
,,Waterloo,0,1,0,0,0,0,1,0,0,0,"3,337"
,Universities and Colleges,,1,0,0,0,0,0,,,,,
,,"University of Wisconsin, Platteville",1,0,0,0,0,0,1,0,0,0,"9,916"
,Metropolitan Counties,,5,1,1,0,0,1,,,,,
,,Eau Claire,1,0,0,0,0,0,1,0,0,0,
,,Rock3,4,1,1,0,0,1,1,3,2,0,
,Nonmetropolitan Counties,,8,0,2,1,0,0,,,,,
,,Burnett,1,0,0,1,0,0,0,1,1,0,
,,Clark,1,0,0,0,0,0,0,0,1,0,
,,Dodge,2,0,1,0,0,0,2,1,0,0,
,,Oneida,4,0,0,0,0,0,2,0,1,1,
,,Wood,0,0,1,0,0,0,0,1,0,0,
,Tribal Agencies,,0,1,0,0,0,0,,,,,
,,Oneida Tribal,0,1,0,0,0,0,0,1,0,0,
Federal,Federal Agencies,,40,28,15,1,0,0,,,,,
,,Federal Bureau of Investigation Field Offices:,,,,,,,,,,,
,,"Albany, NY",0,0,1,0,0,0,1,,,,
,,"Albuquerque, NM",1,0,0,0,0,0,,,,1,
,,"Atlanta, GA",1,1,0,0,0,0,1,1,,,
,,"Baltimore, MD",2,1,0,0,0,0,,1,,2,
,,"Birmingham, AL",1,0,0,0,0,0,1,,,,
,,"Boston, MA",1,0,0,0,0,0,,1,,,
,,"Buffalo, NY",0,0,1,0,0,0,,,,1,
,,"Charlotte, NC",0,1,0,0,0,0,,,,1,
,,"Chicago, IL",0,1,0,0,0,0,,,,1,
,,"Cincinnati, OH",1,0,0,0,0,0,1,,,,
,,"Cleveland, OH",0,1,0,0,0,0,1,,,,
,,"Columbia, SC",2,0,1,0,0,0,1,1,1,,
,,"Dallas, TX",1,0,0,0,0,0,,,1,,
,,"Detroit, MI",1,0,0,0,0,0,,,,1,
,,"El Paso, TX3",2,2,0,0,0,0,2,,,1,
,,"Indianapolis, IN",0,1,0,0,0,0,,,1,,
,,"Kansas City, MO",5,2,0,0,0,0,2,1,3,1,
,,"Knoxville, TN",0,1,0,0,0,0,1,,,,
,,"Los Angeles, CA ",1,1,1,0,0,0,2,,1,,
,,"Louisville, KY",2,0,0,0,0,0,1,,,1,
,,"Memphis, TN",0,0,1,0,0,0,,,1,,
,,"Miami, FL",0,2,2,0,0,0,,2,2,,
,,"Milwaukee, WI",0,1,0,0,0,0,,1,,,
,,"Mobile, AL",1,0,0,0,0,0,,1,,,
,,"Newark, NJ",0,1,0,0,0,0,,,1,,
,,"New Orleans, LA",2,0,0,0,0,0,1,,1,,
,,"Oklahoma City, OK",0,1,0,0,0,0,1,,,,
,,"Omaha, NB",0,1,0,0,0,0,,,1,,
,,"Philadelphia, PA",0,0,0,1,0,0,,1,,,
,,"Phoenix, AZ",0,0,1,0,0,0,,1,,,
,,"Pittsburgh, PA",2,1,0,0,0,0,,,2,1,
,,"Portland, OR",3,1,0,0,0,0,,,2,2,
,,"Sacramento, CA3",2,2,2,0,0,0,2,1,1,1,
,,"Salt Lake City, UT",2,1,1,0,0,0,2,1,,1,
,,"San Francisco, CA ",0,1,1,0,0,0,2,,,,
,,"Seattle, WA",2,3,1,0,0,0,2,,1,3,
,,"Springfield, IL",1,0,0,0,0,0,1,,,,
,,"St. Louis, MO",1,0,1,0,0,0,,1,,1,
,,"Tampa, FL",1,1,0,0,0,0,1,1,,,
,,"Washington, D.C. ",2,0,1,0,0,0,1,2,,,
1 Federal includes only the Federal Bureau of Investigation field offices.,,,,,,,,,,,,,
"2 Population figures are published only for the cities. The figures listed for the universities and colleges are student enrollment and were provided by the United States Department of Education for the 2017 school year, the most recent available. The enrollment figures include full-time and part-time students.",,,,,,,,,,,,,
3 The figures shown include one incident reported with more than one bias motivation.,,,, ,,,,,,,,,
4 Student enrollment figures were not available.,,,,,,,,,,,,,